governorate,year,production,surface,yield,Temperature_C,Precipitation_mm,Soil_Moisture_Vol,Precipitation_CHIRPS,Autumn,Spring,Summer,Winter,ndvi_imputed_flag,production_lag1,production_lag2,production_lag3,prod_roll2_mean,prod_roll3_mean,prod_growth_lag1,surface_lag1,surface_change_ratio,ndvi_peak,ndvi_min,ndvi_amplitude,ndvi_spring_summer_diff,ndvi_winter_spring_diff,ndvi_mean,rain_temp_interaction,chirps_temp_interaction,moisture_temp_interaction,year_index,is_small_producer
ariana,2007,2400.0,2330.0,1.03,18.413513,137.5733,0.24079435,502.94836,0.3257834256207395,0.5488159729610411,0.2416408866417686,0.5999718903989155,0,4600.0,2450.0,2500.0,2398.0,2454.0,0.9495874587458746,2280.0,1.0219298245614035,0.5999718903989155,0.2416408866417686,0.3583310037571469,0.3071750863192725,0.0511559174378744,0.42905304390561616,2533.2077480028997,9261.046165188678,4.43386989405155,1,1
ariana,2008,2600.0,2320.0,1.1207,18.34259,89.583595,0.21948068,327.38623,0.2992120340057996,0.5113299918651636,0.2359387416204962,0.5433219252123248,0,2400.0,4600.0,2500.0,3500.0,2454.0,0.5217391304347826,2330.0,0.9957081545064378,0.5433219252123248,0.2359387416204962,0.3073831835918286,0.2753912502446674,0.03199193334716122,0.397450673175946,1643.1951538110502,6005.111388535701,4.025844126161201,2,1
ariana,2009,4900.0,2440.0,2.0082,18.315308,156.18808,0.24561103,639.61835,0.3030393987482588,0.5459219256276948,0.2499410628469799,0.5111847241250748,0,2600.0,2400.0,4600.0,2500.0,3200.0,1.0833333333333333,2320.0,1.0517241379310345,0.5459219256276948,0.2499410628469799,0.2959808627807149,0.2959808627807149,-0.03473720150262005,0.40252177783700205,2860.6327911286403,11714.8070827018,4.498441662647241,3,1
ariana,2010,3500.0,2440.0,1.4344,18.348083,121.64588,0.23439471,484.8029,0.2900499144618798,0.4875121688406954,0.235460436147719,0.5711060807487834,0,4900.0,2600.0,2400.0,3750.0,3300.0,1.8846153846153846,2440.0,1.0,0.5711060807487834,0.235460436147719,0.33564564460106444,0.2520517326929764,0.08359391190808801,0.39603215004976944,2231.96870284804,8895.2038478407,4.30069359384093,4,1
ariana,2011,2100.0,2440.0,0.8607,18.371338,168.00255,0.2414341,531.8851,0.2887302098509657,0.4862950479222633,0.2364164142807594,0.5559178971774874,0,3500.0,4900.0,2600.0,4200.0,3666.6666666666665,0.7142857142857143,2440.0,1.0,0.5559178971774874,0.2364164142807594,0.319501482896728,0.2498786336415039,0.0696228492552241,0.3918398923078689,3086.4316309119004,9771.4409492638,4.4354674558258,5,1
ariana,2012,2500.0,2440.0,1.0246,18.803406,110.63965,0.23629744,513.05597,0.2779622635808672,0.528334408939546,0.2632067809435041,0.5537435454267214,0,2100.0,3500.0,4900.0,2800.0,3500.0,0.6,2440.0,1.0,0.5537435454267214,0.2632067809435041,0.29053676448321736,0.2651276279960419,0.025409136487175465,0.40581174972265965,2080.4022586479,9647.19970463382,4.44319670108064,6,1
ariana,2013,1600.0,2440.0,0.6557,18.458557,106.704315,0.21815157,532.87585,0.3051110965436542,0.534470149750994,0.2520713208165286,0.6038517621858203,0,2500.0,2100.0,3500.0,2300.0,2700.0,1.1904761904761905,2440.0,1.0,0.6038517621858203,0.2520713208165286,0.35178044136929165,0.28239882893446544,0.06938161243482621,0.42387608232424934,1969.6076805734547,9836.11925114845,4.026763189484489,7,1
ariana,2014,2000.0,2460.0,0.813,18.96817,121.61395,0.2234168,450.21783,0.2576535139335839,0.5353860031438389,0.2472622241532693,0.5767127752062766,0,1600.0,2500.0,2100.0,2050.0,2066.6666666666665,0.64,2440.0,1.0081967213114753,0.5767127752062766,0.2472622241532693,0.32945055105300736,0.2881237789905696,0.04132677206243773,0.4042536291092422,2306.7940779715,8539.8083364711,4.237807843256,8,1
ariana,2015,1500.0,2480.0,0.6048,18.844788,109.9028,0.2267189,435.05524,0.2777739182149207,0.5203106636898609,0.2510928387696474,0.5144507539049069,0,2000.0,1600.0,2500.0,1800.0,2033.3333333333333,1.25,2460.0,1.008130081300813,0.5203106636898609,0.2510928387696474,0.2692178249202135,0.2692178249202135,-0.005859909784953987,0.390907043644834,2071.0949666064002,8198.523766089122,4.272469606093201,9,1
ariana,2016,3780.0,2480.0,1.5242,19.090393,110.5169,0.22338025,448.96115,0.2773687375305587,0.4412922384210991,0.2192047072839947,0.6073675704570553,0,1500.0,2000.0,1600.0,1750.0,1700.0,0.75,2480.0,1.0,0.6073675704570553,0.2192047072839947,0.3881628631730606,0.22208753113710442,0.16607533203595615,0.38630831342317695,2109.8110541417,8570.84479523195,4.26441676093825,10,1
ariana,2017,1170.0,2490.0,0.4699,18.761414,87.766045,0.21218045,298.43796,0.2702413055576833,0.4986713964197051,0.221027665279833,0.6016533491573652,0,3780.0,1500.0,2000.0,2640.0,2426.6666666666665,2.52,2480.0,1.0040322580645162,0.6016533491573652,0.221027665279833,0.38062568387753226,0.27764373113987206,0.10298195273766014,0.3978984291036467,1646.61510538763,5599.118120875439,3.9808052651562997,11,1
ariana,2018,2525.0,2490.0,1.0141,18.940674,126.154434,0.22945277,525.79614,0.3301280342435639,0.519031960339209,0.2281681676879952,0.6398080286128137,0,1170.0,3780.0,1500.0,2475.0,2150.0,0.30952380952380953,2490.0,1.0,0.6398080286128137,0.2281681676879952,0.4116398609248185,0.29086379265121376,0.12077606827360476,0.42928404772089546,2389.450008048516,9958.933278198361,4.34599011496698,12,1
ariana,2019,2060.0,2490.0,0.8273,18.823853,141.54318,0.23870976,499.99554,0.3454870783825653,0.4962358275942047,0.2360818282082216,0.6381369403662649,0,2525.0,1170.0,3780.0,1847.5,2491.6666666666665,2.158119658119658,2490.0,1.0,0.6381369403662649,0.2360818282082216,0.4020551121580433,0.2601539993859831,0.1419011127720602,0.42898541863781414,2664.38801347254,9411.84254561562,4.49343743190528,13,1
ariana,2020,3265.0,2490.0,1.3112,18.986816,115.7135,0.22155094,381.62085,0.2707049525871127,0.5237092551070099,0.245572260789345,0.5651525994751385,0,2060.0,2525.0,1170.0,2292.5,1918.3333333333333,0.8158415841584158,2490.0,1.0,0.5651525994751385,0.245572260789345,0.3195803386857935,0.2781369943176649,0.041443344368128576,0.40128476698965154,2197.030933216,7245.764860713601,4.20654693240704,14,1
ariana,2021,1377.0,2490.0,0.553,19.190063,131.67725,0.22984616,359.14612,0.2794428763532527,0.550178568125323,0.2397102346388442,0.57439950411886,0,3265.0,2060.0,2525.0,2662.5,2616.6666666666665,1.5849514563106797,2490.0,1.0,0.57439950411886,0.2397102346388442,0.33468926948001576,0.31046833348647873,0.02422093599353703,0.41093279580906994,2526.8947231667494,6892.03666900556,4.41076229070808,15,1
ariana,2022,2720.0,2490.0,1.0924,19.773468,49.127342,0.19157457,295.4536,0.2394403118886746,0.5078013240858107,0.2187334007264764,0.6003685693964511,0,1377.0,3265.0,2060.0,2321.0,2234.0,0.4217457886676876,2490.0,1.0,0.6003685693964511,0.2187334007264764,0.3816351686699747,0.2890679233593343,0.09256724531064042,0.39158590152435313,971.4179249620561,5842.142305084801,3.78809362950876,16,1
ariana,2023,1975.0,2490.0,0.7932,19.673676,56.477448,0.19336207,343.39105,0.2009664217539717,0.4292843060943532,0.2220914756945532,0.5236061293464351,0,2720.0,1377.0,3265.0,2048.5,2454.0,1.9753086419753085,2490.0,1.0,0.5236061293464351,0.2009664217539717,0.3226397075924634,0.2071928303998,0.09432182325208194,0.3439870832223283,1111.119013258848,6755.7642589998,3.80414271586932,17,1
beja,2007,11500.0,21800.0,0.5275,17.187408,1012.79175,0.2688774,647.7779,0.3403123195558145,0.5911371131315752,0.2875921664292543,0.5617132446597295,0,38100.0,35369.05,35331.6,31275.0,32177.2,1.0044774092561708,21600.0,1.0092592592592593,0.5911371131315752,0.2875921664292543,0.30354494670232096,0.30354494670232096,-0.02942386847184575,0.44518871094409335,17407.265026284,11133.623060683201,4.6213055757792,1,0
beja,2008,22300.0,22300.0,1.0,17.173706,772.9137,0.25773016,465.43347,0.333899152876365,0.5395101333664044,0.2761018226164551,0.5316933321667847,0,11500.0,38100.0,35331.6,24800.0,32177.2,0.30183727034120733,21800.0,1.0229357798165137,0.5395101333664044,0.2761018226164551,0.2634083107499493,0.2634083107499493,-0.007816801199619694,0.4203011102565023,13273.792647172198,7993.21757633982,4.42618199517296,2,1
beja,2009,26200.0,22600.0,1.1593,17.089417,1319.1974,0.28424186,783.20294,0.3603729885018755,0.5965141273940316,0.2968131998334517,0.5035276236346712,0,22300.0,11500.0,38100.0,16900.0,23966.666666666668,1.9391304347826086,22300.0,1.0134529147982063,0.5965141273940316,0.2968131998334517,0.2997009275605799,0.2997009275605799,-0.09298650375936046,0.4393069848410075,22544.3144739158,13384.48163728598,4.85752767439562,3,1
beja,2010,37500.0,22900.0,1.6376,17.157532,981.2635,0.27137116,618.22833,0.3302944526727216,0.549119956528064,0.2842732646022829,0.5299131441084827,0,26200.0,22300.0,11500.0,24250.0,20000.0,1.1748878923766817,22600.0,1.0132743362831858,0.549119956528064,0.2842732646022829,0.2648466919257811,0.2648466919257811,-0.01920681241958133,0.4234002044778878,16836.059901682,10607.27235528156,4.65605936157712,4,0
beja,2011,20800.0,23400.0,0.8889,17.108734,1230.362,0.27867663,707.7255,0.3346100858887647,0.5786759029708667,0.2999395684458259,0.5590653494029092,0,37500.0,26200.0,22300.0,31850.0,28666.666666666668,1.4312977099236641,22900.0,1.0218340611353711,0.5786759029708667,0.2999395684458259,0.27873633452504076,0.27873633452504076,-0.01961055356795749,0.4430727266770916,21049.936181708,12108.287324517,4.767804334686419,5,0
beja,2012,38500.0,23400.0,1.6453,17.686127,936.51984,0.26816246,599.8968,0.362266958229525,0.5872745790712459,0.2977291288063949,0.5438873407891788,0,20800.0,37500.0,26200.0,29150.0,28166.666666666668,0.5546666666666666,23400.0,1.0,0.5872745790712459,0.2977291288063949,0.289545450264851,0.289545450264851,-0.04338723828206714,0.44778950172408616,16563.40882825968,10609.8509916936,4.742755324192419,6,1
beja,2013,33000.0,24400.0,1.3525,17.267914,905.3785,0.2558073,629.0866,0.3180203045590341,0.5779423372580491,0.2912992475632856,0.557242696439833,0,38500.0,20800.0,37500.0,29650.0,32266.666666666668,1.8509615384615385,23400.0,1.0427350427350428,0.5779423372580491,0.2912992475632856,0.2866430896947635,0.2866430896947635,-0.02069964081821607,0.43612614645505043,15633.998075449,10863.013307352401,4.417258456972201,7,0
beja,2014,38200.0,24900.0,1.5341,17.858582,932.3869,0.25588632,619.7763,0.2995822930897042,0.6096439268615903,0.2933884255630586,0.5326617540258595,0,33000.0,38500.0,20800.0,35750.0,30766.666666666668,0.8571428571428571,24400.0,1.0204918032786885,0.6096439268615903,0.2933884255630586,0.3162555012985317,0.3162555012985317,-0.07698217283573083,0.4338190998850532,16651.107909375798,11068.3258752066,4.569766828398239,8,0
beja,2015,22850.0,25600.0,0.8926,17.696747,838.81116,0.250102,539.97894,0.3120750582874997,0.5504841441205532,0.2865855455506316,0.4870535253057294,0,38200.0,33000.0,38500.0,35600.0,36566.666666666664,1.1575757575757575,24900.0,1.0281124497991967,0.5504841441205532,0.2865855455506316,0.26389859856992165,0.26389859856992165,-0.06343061881482387,0.4090495683161035,14844.228879296517,9555.870686508179,4.4259918181939994,9,0
beja,2016,42600.0,26200.0,1.626,17.951263,815.17957,0.25272894,500.11084,0.3065418790614383,0.5311091543898749,0.2715496516767391,0.5673398766990297,0,22850.0,38200.0,33000.0,30525.0,31350.0,0.5981675392670157,25600.0,1.0234375,0.5673398766990297,0.2715496516767391,0.29579022502229063,0.2595595027131358,0.036230722309154806,0.4191351404567705,14633.502853296912,8977.62121799092,4.536803669651221,10,1
beja,2017,18800.0,27650.0,0.6799,17.690918,789.9884,0.24704085,471.2557,0.2991646931526176,0.5694178076350008,0.2694486810292935,0.5587589000805296,0,42600.0,22850.0,38200.0,32725.0,34550.0,1.864332603938731,26200.0,1.0553435114503817,0.5694178076350008,0.2694486810292935,0.29996912660570735,0.29996912660570735,-0.010658907554471186,0.42419752047436043,13975.620005351198,8336.9459457326,4.3703794200003,11,0
beja,2018,42400.0,27650.0,1.5335,17.668488,936.50543,0.2621756,618.68176,0.3726660179820133,0.5548785491884055,0.2865073986913213,0.5787393338846183,0,18800.0,42600.0,22850.0,30700.0,28083.333333333332,0.4413145539906103,27650.0,1.0,0.5787393338846183,0.2865073986913213,0.292231935193297,0.2683711504970842,0.023860784696212778,0.4481978249365896,16546.634951889842,10931.171252378881,4.6322464424928,12,1
beja,2019,35331.6,27650.0,1.2778,17.573273,1084.9598,0.27036136,616.49335,0.3772482110352303,0.6069149795898297,0.3099654884919247,0.5969144363567833,0,42400.0,18800.0,42600.0,30600.0,34600.0,2.25531914893617,27650.0,1.0,0.6069149795898297,0.3099654884919247,0.29694949109790497,0.29694949109790497,-0.010000543233046333,0.47276077886844203,19066.2947594254,10833.80594223455,4.75113398793128,13,0
beja,2020,35406.5,27650.0,1.2805,17.879059,856.4305,0.2493574,489.61465,0.3204361438218116,0.5546303574293997,0.2863311698375266,0.5553110006663106,0,35331.6,42400.0,18800.0,38865.8,32177.2,0.8332924528301886,27650.0,1.0,0.5553110006663106,0.2863311698375266,0.26897983082878396,0.2682991875918731,0.0006806432369108606,0.42917716793876215,15312.171438899502,8753.84921461435,4.458275666686601,14,0
beja,2021,35648.5,27650.0,1.2893,18.29358,839.1207,0.25280264,448.43985,0.3143842519330861,0.5693434628375501,0.2759656479005302,0.565382355362403,0,35406.5,35331.6,42400.0,35369.05,37712.700000000004,1.0021199153166005,27650.0,1.0,0.5693434628375501,0.2759656479005302,0.2933778149370199,0.2933778149370199,-0.003961107475147108,0.43126892950839235,15350.521655106,8203.570271162998,4.6246653190512,15,0
beja,2022,35576.32,27650.0,1.2867,18.86618,458.11493,0.22951236,383.36667,0.3023778774649265,0.5940400652703676,0.2832268474008199,0.560383990701589,0,35648.5,35406.5,35331.6,35527.5,35462.200000000004,1.0068349031957409,27650.0,1.0,0.5940400652703676,0.2832268474008199,0.3108132178695477,0.3108132178695477,-0.033656074568778616,0.43500719520942577,8642.8787300674,7232.6646022206,4.3300214959848,16,0
beja,2023,35290.22,27650.0,1.2763,18.670624,394.67734,0.2255448,420.7573,0.2680459444085555,0.4466753503496778,0.2885552013578212,0.4950447551759818,0,35576.32,35648.5,35406.5,35612.41,35543.77333333333,0.9979752303743495,27650.0,1.0,0.4950447551759818,0.2680459444085555,0.22699881076742628,0.1581201489918566,0.048369404826303974,0.3745803128230091,7368.87221646016,7855.8013435552,4.2110621559552,17,0
benarous,2007,3200.0,5200.0,0.6154,17.972717,248.07722,0.23921704,564.5157,0.24699268033724006,0.3454556133628448,0.20802449563169245,0.33790526793541553,1,13100.0,11565.0,11500.0,11007.5,11300.066666666666,0.9509235742505818,5000.0,1.04,0.3454556133628448,0.20802449563169245,0.13743111773115235,0.13743111773115235,-0.0075503454274292725,0.2845945143167982,4458.62166920674,10145.8809181569,4.299380161497679,1,1
benarous,2008,13900.0,5440.0,2.5551,17.99466,153.01636,0.21448483,364.96957,0.2559861897829446,0.2507188591935963,0.1857154180070959,0.2903490390642113,1,3200.0,13100.0,11500.0,8150.0,11300.066666666666,0.24427480916030533,5200.0,1.0461538461538462,0.2903490390642113,0.1857154180070959,0.10463362105711538,0.06500344118650042,0.03963017987061496,0.24569237651196202,2753.4773726375997,6567.5033224962,3.8595815910077995,2,1
benarous,2009,11500.0,5520.0,2.0833,17.867645,275.03918,0.24204695,640.436,0.2851031539670154,0.3455283956901051,0.208111742575936,0.29874394420359773,1,13900.0,3200.0,13100.0,8550.0,10066.666666666666,4.34375,5440.0,1.0147058823529411,0.3455283956901051,0.208111742575936,0.13741665311416906,0.13741665311416906,-0.04678445148650734,0.28437180910916354,4914.3024293311,11443.08309322,4.32480897593275,3,1
benarous,2010,15600.0,5620.0,2.7758,18.029724,210.40642,0.22613755,509.0245,0.2510974799052589,0.22721921800795963,0.18598948468056048,0.26791821407999883,1,11500.0,13900.0,3200.0,12700.0,9533.333333333334,0.8273381294964028,5520.0,1.0181159420289856,0.26791821407999883,0.18598948468056048,0.08192872939943835,0.041229733327399154,0.040698996072039195,0.23305609916844447,3793.56968042808,9177.571244238,4.0771976125362,4,1
benarous,2011,5000.0,5710.0,0.8757,17.927582,300.8677,0.23760104,547.1733,0.23909647462368944,0.3023983632827796,0.21309833603930964,0.31530142368448244,1,15600.0,11500.0,13900.0,13550.0,13666.666666666666,1.3565217391304347,5620.0,1.0160142348754448,0.31530142368448244,0.21309833603930964,0.1022030876451728,0.08930002724346994,0.01290306040170286,0.26747364940756524,5393.830362901401,9809.494203960601,4.259612127885281,5,1
benarous,2012,17200.0,5920.0,2.9054,18.40448,198.74298,0.2324278,466.04813,0.2436681357603928,0.3260805829784421,0.20303764508312744,0.31789412378693327,1,5000.0,15600.0,11500.0,10300.0,10700.0,0.32051282051282054,5710.0,1.0367775831873904,0.3260805829784421,0.20303764508312744,0.12304293789531467,0.12304293789531467,-0.008186459191508844,0.27267012190222395,3657.7612005503997,8577.3734876224,4.277712796544,6,1
benarous,2013,12700.0,6120.0,2.0752,18.181915,167.59859,0.20508033,533.8761,0.25271162600975006,0.2120903833726237,0.18418384814602357,0.24076649020731425,1,17200.0,5000.0,15600.0,11100.0,12600.0,3.44,5920.0,1.0337837837837838,0.25271162600975006,0.18418384814602357,0.06852777786372649,0.027906535226600138,0.028676106834690546,0.2224380869339279,3047.26331749985,9706.889870731498,3.72875312823195,7,1
benarous,2014,11200.0,5800.0,1.931,18.58603,223.08377,0.22274958,478.89053,0.23910260672698036,0.3376936073563859,0.20174466201829033,0.2994953920936337,1,12700.0,17200.0,5000.0,14950.0,11633.333333333334,0.7383720930232558,6120.0,0.9477124183006536,0.3376936073563859,0.20174466201829033,0.1359489453380956,0.1359489453380956,-0.038198215262752244,0.2695090670488226,4146.2416417331,8900.673757295901,4.140030376367401,8,1
benarous,2015,10200.0,6000.0,1.7,18.435303,183.28992,0.21617347,394.00098,0.2480420626420598,0.2777098572636589,0.1987920051107332,0.271927151965773,1,11200.0,12700.0,17200.0,11950.0,13700.0,0.8818897637795275,5800.0,1.0344827586206897,0.2777098572636589,0.1987920051107332,0.07891785215292568,0.07891785215292568,-0.005782705297885882,0.24911776924555623,3379.00521204576,7263.527448596941,3.9852234200114105,9,1
benarous,2016,11630.0,6000.0,1.9383,18.738739,205.54198,0.22083995,492.2247,0.24915876903095815,0.2361900591193229,0.1814746172293572,0.28802840390687795,1,10200.0,11200.0,12700.0,10700.0,11366.666666666666,0.9107142857142857,6000.0,1.0,0.28802840390687795,0.1814746172293572,0.10655378667752075,0.05471544188996569,0.05183834478755506,0.23871296232162903,3851.5975167632196,9223.670182653299,4.13826218382305,10,1
benarous,2017,2670.0,6000.0,0.445,18.393677,131.11649,0.20254618,300.27667,0.2516689638871825,0.3265327849035541,0.2044909155158578,0.3587862573121971,1,11630.0,10200.0,11200.0,10915.0,11010.0,1.1401960784313725,6000.0,1.0,0.3587862573121971,0.2044909155158578,0.1542953417963393,0.12204186938769629,0.032253472408643014,0.2853697304046979,2411.71436643373,5523.192078615591,3.72556901250386,11,1
benarous,2018,14160.0,6000.0,2.36,18.63855,221.18513,0.22132644,526.41235,0.3113221571074317,0.24111182747657472,0.20597849832591364,0.2991124501209228,1,2670.0,11630.0,10200.0,7150.0,8166.666666666667,0.2295786758383491,6000.0,1.0,0.3113221571074317,0.20597849832591364,0.10534365878151808,0.035133329150661086,0.05800062264434808,0.2643812332577107,4122.570104761499,9811.562906092498,4.125203918262,12,1
benarous,2019,9262.95,6000.0,1.5438,18.417908,253.12329,0.23471095,540.4474,0.2980450983368227,0.326041345284914,0.21831979292658024,0.3104375531744935,1,14160.0,2670.0,11630.0,8415.0,9486.666666666666,5.303370786516854,6000.0,1.0,0.326041345284914,0.21831979292658024,0.10772155235833378,0.10772155235833378,-0.015603792110420511,0.28821094743070264,4662.0014678773205,9953.9104920392,4.3228846836926005,13,1
benarous,2020,11121.05,6000.0,1.8535,18.673737,196.44907,0.21419711,454.264,0.2916791624671776,0.29126330721542054,0.2117287291272528,0.34997760549560686,1,9262.95,14160.0,2670.0,11711.475,8697.65,0.6541631355932204,6000.0,1.0,0.34997760549560686,0.2117287291272528,0.13824887636835406,0.07953457808816775,0.05871429828018632,0.2861622010763645,3668.43826707459,8482.806464568,3.9998604983000696,14,1
benarous,2021,13516.2,6000.0,2.2527,18.948486,204.16023,0.21616524,321.81308,0.2262423578697051,0.27600265476705754,0.2062286958958121,0.3226269247326289,1,11121.05,9262.95,14160.0,10192.0,11514.666666666666,1.2005948428956217,6000.0,1.0,0.3226269247326289,0.2062286958958121,0.11639822883681678,0.06977395887124543,0.04662426996557134,0.2577751583163009,3868.52725991178,6097.87064099688,4.09600402382664,15,1
benarous,2022,13396.35,6000.0,2.2327,19.48642,94.89571,0.18731113,308.85297,0.2245982662225602,0.27317492216800116,0.20073497873287627,0.246349128156296,1,13516.2,11121.05,9262.95,12318.625,11300.066666666666,1.2153708507739829,6000.0,1.0,0.27317492216800116,0.20073497873287627,0.07243994343512489,0.07243994343512489,-0.02682579401170515,0.2362143238199334,1849.1776612581998,6018.4386916674,3.6500233498545995,16,1
benarous,2023,9200.0,6000.0,1.5333,19.39746,90.81215,0.18835084,357.41196,0.2046793299377806,0.24745317073561524,0.2216326661638126,0.24085285113277194,1,13396.35,13516.2,11121.05,13456.275000000001,12677.866666666667,0.991132862786878,6000.0,1.0,0.24745317073561524,0.2046793299377806,0.04277384079783464,0.025820504571802627,-0.0066003196028432964,0.2286545044924951,1761.525047139,6932.8841976216,3.6535278848663997,17,1
bizerte,2007,12000.0,9760.0,1.2295,17.46167,479.12503,0.27564165,615.5761,0.3951875877271299,0.629058354924889,0.3222991909033104,0.6348292614554584,0,19300.0,15125.0,14000.0,15390.0,14866.666666666666,1.0119047619047619,9730.0,1.0030832476875642,0.6348292614554584,0.3222991909033104,0.312530070552148,0.30675916402157866,0.005770906530569331,0.49534359875269696,8366.3231626001,10748.986718087,4.8131635305555,1,1
bizerte,2008,14000.0,9750.0,1.4359,17.342682,356.42743,0.26446682,436.5679,0.3836241535513618,0.603892516611758,0.3073887099976536,0.5949321135255744,0,12000.0,19300.0,14000.0,15650.0,14866.666666666666,0.6217616580310881,9760.0,0.9989754098360656,0.603892516611758,0.3073887099976536,0.2965038066141044,0.2965038066141044,-0.008960403086183621,0.47245937342158695,6181.40757456726,7571.2582611078005,4.58656395881124,2,1
bizerte,2009,18000.0,9770.0,1.8424,17.326721,618.44293,0.28961235,780.42584,0.4228926224760999,0.6170912309585441,0.3235934576635031,0.5892352321270582,0,14000.0,12000.0,19300.0,13000.0,15100.0,1.1666666666666667,9750.0,1.0020512820512821,0.6170912309585441,0.3235934576635031,0.293497773295041,0.293497773295041,-0.02785599883148593,0.4882031358063013,10715.58810253253,13522.220790870639,5.01803238660435,3,1
bizerte,2010,12600.0,9770.0,1.2897,17.31836,462.51556,0.28144366,606.05066,0.3808858753039054,0.593495956656845,0.3170647974815452,0.6248321473527924,0,18000.0,14000.0,12000.0,16000.0,14666.666666666666,1.2857142857142858,9770.0,1.0,0.6248321473527924,0.3170647974815452,0.30776734987124715,0.27643115917529976,0.0313361906959474,0.479069694198772,8010.010973681599,10495.803508117599,4.874142623597599,4,1
bizerte,2011,17800.0,9790.0,1.8182,17.344269,574.828,0.2840998,665.3498,0.3723581925323082,0.6106636294199735,0.3169289574547095,0.6347760253872107,0,12600.0,18000.0,14000.0,15300.0,14866.666666666666,0.7,9770.0,1.0020470829068577,0.6347760253872107,0.3169289574547095,0.31784706793250117,0.29373467196526404,0.024112395967237132,0.4836817011985505,9969.971460732,11540.0059102962,4.9275033540462,5,1
bizerte,2012,10500.0,9770.0,1.0747,17.88263,412.01273,0.27336985,603.9793,0.386971553806631,0.5998796041993378,0.3207952727234979,0.5778440254129625,0,17800.0,12600.0,18000.0,15200.0,16133.333333333334,1.4126984126984128,9790.0,0.9979570990806946,0.5998796041993378,0.3207952727234979,0.27908433147583994,0.27908433147583994,-0.0220355787863753,0.4713726140356073,7367.871205879899,10800.738349558998,4.8885718807055,6,1
bizerte,2013,18700.0,10200.0,1.8333,17.440765,429.62372,0.2651301,665.78394,0.3848449353181588,0.6291903938946176,0.3241802476733728,0.6261916059007374,0,10500.0,17800.0,12600.0,14150.0,13633.333333333334,0.5898876404494382,9770.0,1.0440122824974412,0.6291903938946176,0.3241802476733728,0.30501014622124484,0.30501014622124484,-0.002998787993880203,0.49110179569672163,7492.966338945799,11611.781238314099,4.624071768526499,7,1
bizerte,2014,13300.0,12390.0,1.0734,18.026825,448.11545,0.2636291,577.636,0.3304385250047033,0.6378896381493249,0.3179275704387447,0.5924368481282034,0,18700.0,10500.0,17800.0,14600.0,15666.666666666666,1.7809523809523808,10200.0,1.214705882352941,0.6378896381493249,0.3179275704387447,0.31996206771058017,0.31996206771058017,-0.04545279002112146,0.4696731454302441,8078.098796946249,10412.943085699999,4.752395650607499,8,1
bizerte,2015,10500.0,12390.0,0.8475,17.92627,395.8112,0.25906032,567.1044,0.369560327104326,0.582670242242226,0.3156754077998763,0.5557415679680516,0,13300.0,18700.0,10500.0,16000.0,14166.666666666666,0.7112299465240641,12390.0,1.0,0.582670242242226,0.3156754077998763,0.26699483444234967,0.26699483444234967,-0.026928674274174336,0.45591188627861995,7095.418440223999,10166.066592588,4.6439852426064,9,1
bizerte,2016,24690.0,12390.0,1.9927,18.121094,394.94495,0.26298508,522.6534,0.3395099775488489,0.5675696305448115,0.2994286337621653,0.6539988731929447,0,10500.0,13300.0,18700.0,11900.0,14166.666666666666,0.7894736842105263,12390.0,1.0,0.6539988731929447,0.2994286337621653,0.3545702394307794,0.2681409967826462,0.08642924264813323,0.46512677876219255,7156.8345637753,9471.0513908196,4.76557735527752,10,1
bizerte,2017,6270.0,13980.0,0.4485,17.863129,342.26852,0.24938832,467.05524,0.3458997656233409,0.606777490653023,0.2998841372092185,0.6176443987600279,0,24690.0,10500.0,13300.0,17595.0,16163.333333333334,2.3514285714285714,12390.0,1.1283292978208233,0.6176443987600279,0.2998841372092185,0.31776026155080933,0.3068933534438045,0.010866908107004858,0.46755144806140253,6113.986725399081,8343.06800224596,4.45485573125328,11,1
bizerte,2018,25520.0,13980.0,1.8255,17.878693,461.2606,0.2728646,606.6546,0.4266820362735364,0.6150611226743535,0.33131658551044,0.6566397015118642,0,6270.0,24690.0,10500.0,15480.0,13820.0,0.25394896719319565,13980.0,1.0,0.6566397015118642,0.33131658551044,0.3253231160014242,0.2837445371639135,0.041578578837510705,0.5074248614925485,8246.7366603958,10846.191350437799,4.8784624139677994,12,1
bizerte,2019,3650.0,13980.0,0.2611,17.858215,496.39545,0.2756976,587.94684,0.4338261473512071,0.62597068783361,0.3377085108232891,0.6630239685607803,0,25520.0,6270.0,24690.0,15895.0,18826.666666666668,4.0701754385964914,13980.0,1.0,0.6630239685607803,0.3377085108232891,0.32531545773749115,0.28826217701032086,0.03705328072717029,0.5151323286422216,8864.736671121751,10499.6810772906,4.923467015784,13,1
bizerte,2020,16250.0,13980.0,1.1624,18.074951,396.88715,0.2557782,489.5162,0.3651910517612604,0.627641637784524,0.3211237320582998,0.6366714110820629,0,3650.0,25520.0,6270.0,14585.0,11813.333333333334,0.14302507836990597,13980.0,1.0,0.6366714110820629,0.3211237320582998,0.31554767902376313,0.30651790572622417,0.009029773297538957,0.48765695817153676,7173.71578877965,8847.9813287062,4.6231784318682,14,1
bizerte,2021,22050.0,13980.0,1.5773,18.403076,429.37064,0.26386678,464.06326,0.3617241195759446,0.633241754808369,0.3077731788225743,0.6038245139720592,0,16250.0,3650.0,25520.0,9950.0,15140.0,4.4520547945205475,13980.0,1.0,0.633241754808369,0.3077731788225743,0.32546857598579465,0.32546857598579465,-0.02941724083630981,0.4766408917947368,7901.740520088639,8540.19144258776,4.85596040621528,15,1
bizerte,2022,18900.0,13980.0,1.3519,18.99237,205.67406,0.2338091,379.8346,0.3478481375898531,0.6192391899808699,0.3125052446174989,0.642070008274802,0,22050.0,16250.0,3650.0,19150.0,13983.333333333334,1.356923076923077,13980.0,1.0,0.642070008274802,0.3125052446174989,0.3295647636573031,0.306733945363371,0.022830818293932076,0.48041564511575596,3906.2378469222003,7213.959262002001,4.440588936567,16,1
bizerte,2023,9450.0,13980.0,0.676,18.778015,193.04083,0.23283046,426.3878,0.3155682110538214,0.6105251128241972,0.334666476892822,0.6209364728170025,0,18900.0,22050.0,16250.0,20475.0,19066.666666666668,0.8571428571428571,13980.0,1.0,0.6209364728170025,0.3155682110538214,0.3053682617631811,0.2758586359313752,0.010411359992805291,0.47042406839696077,3624.92360135245,8006.716504217001,4.3720938703369,17,1
gabes,2007,10000.0,42100.0,0.2375,19.901337,659.1463,0.04425162,216.72762,0.216595375517334,0.2621701120143127,0.2057007018067934,0.2704919644228691,0,8000.0,15500.0,15000.0,16000.0,15000.0,1.018414440222867,41000.0,1.026829268292683,0.2704919644228691,0.2057007018067934,0.0647912626160757,0.05646941020751928,0.00832185240855643,0.2387395384403273,13117.892648603101,4313.169402827941,0.8806664024159401,1,1
gabes,2008,17000.0,42100.0,0.4038,19.973236,238.96265,0.036414076,148.33797,0.1873612726682984,0.2067232239054891,0.1830461326015412,0.235179393440402,0,10000.0,8000.0,15000.0,9000.0,15000.0,1.25,42100.0,1.0,0.235179393440402,0.1830461326015412,0.0521332608388608,0.023677091303947906,0.028456169534912895,0.20307750565393268,4772.8574036354,2962.7892825709205,0.7273069336699359,2,1
gabes,2009,14000.0,42500.0,0.3294,19.72815,546.8112,0.042480912,257.03967,0.1912717640633649,0.2187429171460863,0.1866963955962834,0.2208539049471252,0,17000.0,10000.0,8000.0,13500.0,11666.666666666666,1.7,42100.0,1.009501187648456,0.2208539049471252,0.1866963955962834,0.0341575093508418,0.03204652154980289,0.0021109878010389105,0.20439124543821494,10787.573375279999,5070.9171657105,0.8380698040728001,3,1
gabes,2010,14000.0,42500.0,0.3294,20.372223,350.2027,0.030813314,211.5625,0.1811714811454944,0.1826656236872743,0.1733018790544351,0.1917019025384035,0,14000.0,17000.0,10000.0,15500.0,13666.666666666666,0.8235294117647058,42500.0,1.0,0.1917019025384035,0.1733018790544351,0.01840002348396841,0.009363744632839205,0.009036278851129204,0.18221022160640182,7134.407499602101,4309.9984284375005,0.6277357041770221,4,1
gabes,2011,10000.0,42500.0,0.2353,19.617645,360.47623,0.030080643,192.04938,0.2121731991360432,0.1890659865026029,0.1708163705417039,0.2267260429695311,0,14000.0,14000.0,17000.0,14000.0,15000.0,1.0,42500.0,1.0,0.2267260429695311,0.1708163705417039,0.05590967242782721,0.018249615960898996,0.037660056466928216,0.19969539978747025,7071.694711078349,3767.5565593101,0.590111375745735,5,1
gabes,2012,17000.0,44200.0,0.3846,20.300568,376.12375,0.035969127,204.20898,0.2055229641691023,0.2502632418267311,0.2006882677455908,0.2340049287629076,0,10000.0,14000.0,14000.0,12000.0,12666.666666666666,0.7142857142857143,42500.0,1.04,0.2502632418267311,0.2006882677455908,0.04957497408114031,0.04957497408114031,-0.0162583130638235,0.22261985062608294,7635.525763289998,4145.55828470064,0.7301937085641359,6,1
gabes,2013,16000.0,42500.0,0.3765,20.256744,253.75888,0.023759235,191.80888,0.1888140177106634,0.1825863299992066,0.1738121675837441,0.1960828131314929,0,17000.0,10000.0,14000.0,13500.0,13666.666666666666,1.7,44200.0,0.9615384615384616,0.1960828131314929,0.1738121675837441,0.022270645547748796,0.0087741624154625,0.013496483132286297,0.18532383210627676,5140.3286698867205,3885.42337908672,0.48128474103084,7,1
gabes,2014,10000.0,42430.0,0.2357,20.584412,328.57635,0.028603513,172.80128,0.1834671301835296,0.2015026792296324,0.1826495577273131,0.1945511452991254,0,16000.0,17000.0,10000.0,16500.0,14333.333333333334,0.9411764705882353,42500.0,0.9983529411764706,0.2015026792296324,0.1826495577273131,0.018853121502319298,0.018853121502319298,-0.006951533930506987,0.1905426281099001,6763.5509618562,3557.0127416473597,0.588786496239356,8,1
gabes,2015,15000.0,42430.0,0.3535,19.985779,361.24954,0.035871103,186.15625,0.2266016624573985,0.1995027191835712,0.1824686503452208,0.2132398067212015,0,10000.0,16000.0,17000.0,13000.0,14333.333333333334,0.625,42430.0,1.0,0.2266016624573985,0.1824686503452208,0.04413301211217768,0.017034068838350402,0.013737087537630283,0.205453209676848,7219.85347029166,3720.47767196875,0.7169119370442371,9,1
gabes,2016,22000.0,42430.0,0.5185,20.910492,302.44818,0.031125441,211.13408,0.2075830021558701,0.2044715579997837,0.1824197603653497,0.2648718713644083,0,15000.0,10000.0,16000.0,12500.0,13666.666666666666,1.5,42430.0,1.0,0.2648718713644083,0.1824197603653497,0.08245211099905861,0.02205179763443399,0.06040031336462462,0.21483654797135296,6324.34024830456,4414.9174907673605,0.650848285026972,10,1
gabes,2017,15000.0,42430.0,0.3535,19.799988,431.25873,0.040133405,222.03625,0.2476597016177446,0.2474604276746858,0.1988541099465906,0.2864939562210729,0,22000.0,15000.0,10000.0,18500.0,15666.666666666666,1.4666666666666666,42430.0,1.0,0.2864939562210729,0.1988541099465906,0.08763984627448226,0.04860631772809518,0.039033528546387086,0.24511704886502345,8538.917678895239,4396.315085565,0.7946409373991399,11,1
gabes,2018,60000.0,42430.0,1.4141,20.49826,319.12216,0.029080667,209.20345,0.2338129861789791,0.2412277522492182,0.2040506140504143,0.2988586716456133,0,15000.0,22000.0,15000.0,18500.0,17333.333333333332,0.6818181818181818,42430.0,1.0,0.2988586716456133,0.2040506140504143,0.094808057595199,0.03717713819880389,0.057630919396395114,0.24448750603105623,6541.4490074416,4288.306710997,0.59610307313942,12,1
gabes,2019,37071.45,42430.0,0.8737,20.271454,419.84503,0.032839928,208.53693,0.2396616965263314,0.2135666839286029,0.189879171599959,0.2477842561581631,0,60000.0,15000.0,22000.0,37500.0,32333.333333333332,4.0,42430.0,1.0,0.2477842561581631,0.189879171599959,0.05790508455820409,0.023687512328643884,0.034217572229560206,0.22272295205326412,8510.86921277362,4227.34678379622,0.6657130898153119,13,0
gabes,2020,38436.75,42430.0,0.9059,20.610413,349.72052,0.03188563,208.70743,0.2351998772861009,0.2415142733867984,0.2039107054870885,0.2926331335124338,0,37071.45,60000.0,15000.0,48535.725,37357.15,0.6178575,42430.0,1.0,0.2926331335124338,0.2039107054870885,0.0887224280253453,0.037603567899709894,0.05111886012563541,0.24331449741810543,7207.884351774761,4301.54632846859,0.65717600306519,14,0
gabes,2021,41054.0,42430.0,0.9676,21.10382,131.77641,0.019996049,121.785835,0.20839269011186,0.2183166183169803,0.1884691459978265,0.240367838297103,0,38436.75,37071.45,60000.0,37754.1,45169.4,1.036828880445734,42430.0,1.0,0.240367838297103,0.1884691459978265,0.051898692299276517,0.0298474723191538,0.022051219980122716,0.21388657318094245,2780.9856368861997,2570.1463403897,0.42199301880717993,15,0
gabes,2022,40435.75,42430.0,0.953,21.238739,151.09819,0.019091468,136.95303,0.1975262731186841,0.1982780137314221,0.184825983551197,0.2070277903708611,0,41054.0,38436.75,37071.45,39745.375,38854.066666666666,1.0680923855424822,42430.0,1.0,0.2070277903708611,0.184825983551197,0.022201806819664105,0.013452030180225089,0.008749776639439016,0.19691451519304107,3209.13502078241,2908.70965942917,0.405478705978852,16,0
gabes,2023,37788.5,42430.0,0.8906,20.999298,154.21768,0.028366392,177.19704,0.19100051510936,0.2047594792878645,0.1833403521026819,0.1978253755984311,0,40435.75,41054.0,38436.75,40744.875,39975.5,0.9849405660836946,42430.0,1.0,0.2047594792878645,0.1833403521026819,0.0214191271851826,0.0214191271851826,-0.006934103689433396,0.1942314305245844,3238.46301918864,3721.0134476779194,0.595674318792816,17,0
gafsa,2007,25600.0,46990.0,0.5448,19.040192,524.47253,0.047009367,157.04645,0.1707463795531006,0.1963862251674854,0.1626995211924965,0.1821839200384966,0,12200.0,37650.0,36700.0,30050.0,32400.0,1.0050229827889965,46000.0,1.0215217391304348,0.1963862251674854,0.1626995211924965,0.03368670397498891,0.03368670397498891,-0.014202305128988818,0.17800401148789477,9986.05766992576,2990.1945609184,0.8950673734784641,1,1
gafsa,2008,29700.0,47850.0,0.6207,19.07837,392.6841,0.050253417,119.25056,0.1780559960897451,0.1540184413428613,0.1396118666889981,0.1822371543399626,0,25600.0,12200.0,36700.0,18900.0,32400.0,2.098360655737705,46990.0,1.0183017663332623,0.1822371543399626,0.1396118666889981,0.04262528765096449,0.014406574653863191,0.028218712997101297,0.1634808646153918,7491.772552917,2275.1063063871998,0.95875328329029,2,1
gafsa,2009,9800.0,49000.0,0.2,18.5607,865.8022,0.07301158,223.06558,0.2360830740906915,0.2396654316361469,0.1661084526127736,0.2181019661619923,0,29700.0,25600.0,12200.0,27650.0,22500.0,1.16015625,47850.0,1.0240334378265412,0.2396654316361469,0.1661084526127736,0.0735569790233733,0.0735569790233733,-0.02156346547415461,0.21498973112540107,16069.89489354,4140.253310706001,1.355146032906,3,0
gafsa,2010,38600.0,57590.0,0.6703,19.28772,475.01724,0.05150152,173.47455,0.1789013079182184,0.1794220066919756,0.1552858435238943,0.2213649675512522,0,9800.0,29700.0,25600.0,19750.0,21700.0,0.32996632996632996,49000.0,1.1753061224489796,0.2213649675512522,0.1552858435238943,0.06607912402735791,0.024136163168081315,0.041942960859276596,0.18374353142133515,9161.9995202928,3345.928547526,0.9933468973344001,4,1
gafsa,2011,21900.0,57600.0,0.3802,18.738953,586.02014,0.056652226,121.975655,0.1959775156429361,0.2264715758746465,0.1642684605329759,0.2537296979423892,0,38600.0,9800.0,29700.0,24200.0,26033.333333333332,3.938775510204082,57590.0,1.0001736412571627,0.2537296979423892,0.1642684605329759,0.08946123740941331,0.06220311534167061,0.027258122067742696,0.21011181249823693,10981.40386051342,2285.696066189215,1.061603400359378,5,0
gafsa,2012,36700.0,53830.0,0.6818,19.56842,437.7186,0.049027275,138.20256,0.1894735308279062,0.1983287572279291,0.1606517691454518,0.200256989250473,0,21900.0,38600.0,9800.0,30250.0,23433.333333333332,0.5673575129533679,57600.0,0.9345486111111111,0.200256989250473,0.1606517691454518,0.03960522010502121,0.0376769880824773,0.0019282320225439131,0.18717776161294,8565.461406612,2704.4057391552,0.9593863086555,6,1
gafsa,2013,15100.0,54020.0,0.2795,19.273773,381.55005,0.039180927,162.21085,0.2174591951555529,0.1604290531710586,0.1524252989727557,0.1887718999399025,0,36700.0,21900.0,38600.0,29300.0,32400.0,1.6757990867579908,53830.0,1.0035296303176666,0.2174591951555529,0.1524252989727557,0.0650338961827972,0.008003754198302904,0.02834284676884391,0.17977136180981743,7353.909051838649,3126.4151010370497,0.7551642929275709,7,0
gafsa,2014,12700.0,55820.0,0.2275,19.755615,460.09753,0.04819895,131.58278,0.1907454624528252,0.2162228562006847,0.1636807672621708,0.2256106182035321,0,15100.0,36700.0,21900.0,25900.0,24566.666666666668,0.4114441416893733,54020.0,1.0333209922251019,0.2256106182035321,0.1636807672621708,0.0619298509413613,0.05254208893851392,0.009387762002847383,0.19906492602980322,9089.50966513095,2599.4987423097,0.9521998996042499,8,1
gafsa,2015,47000.0,57720.0,0.8143,19.200348,495.30948,0.051901486,133.70752,0.1969550308793312,0.2320987654086644,0.1777843645600712,0.2130361269944663,0,12700.0,15100.0,36700.0,13900.0,21500.0,0.8410596026490066,55820.0,1.034037979218918,0.2320987654086644,0.1777843645600712,0.05431440084859318,0.05431440084859318,-0.019062638414198085,0.20496857196063328,9510.114383699041,2567.23091421696,0.996526592917128,9,1
gafsa,2016,49700.0,57730.0,0.8609,20.113892,481.21356,0.050871532,160.44887,0.205340045446129,0.1796956812714006,0.1712632941119543,0.2150304090794228,0,47000.0,12700.0,15100.0,29850.0,24933.333333333332,3.7007874015748032,57720.0,1.00017325017325,0.2150304090794228,0.1712632941119543,0.04376711496746852,0.008432387159446303,0.035334727808022215,0.19283235747722666,9679.07757477552,3227.25124270204,1.023224500522544,10,0
gafsa,2017,47150.0,59800.0,0.7885,19.199554,417.22583,0.05442691,141.7584,0.2064538190802306,0.2423426965981836,0.1806545725249367,0.2580774675792632,0,49700.0,47000.0,12700.0,48350.0,36466.666666666664,1.0574468085106383,57730.0,1.0358565737051793,0.2580774675792632,0.1806545725249367,0.07742289505432651,0.06168812407324692,0.015734770981079588,0.22188213894565353,8010.549853279819,2721.6980557536,1.04497239759814,11,0
gafsa,2018,63240.0,59800.0,1.0575,19.442719,549.9316,0.048854552,166.36998,0.2534880442520662,0.2015928869286882,0.1806073324400773,0.2321238904707664,0,47150.0,49700.0,47000.0,48425.0,47950.0,0.9486921529175051,59800.0,1.0,0.2534880442520662,0.1806073324400773,0.07288071181198894,0.02098555448861092,0.03053100354207819,0.21695303852289954,10692.1655680204,3234.68477117562,0.949865326406888,12,0
gafsa,2019,56094.3,59800.0,0.938,19.402924,510.38028,0.05165504,166.2157,0.2267950316192688,0.2171093395786806,0.1864048319041239,0.2350782498589361,0,63240.0,47150.0,49700.0,55195.0,53363.333333333336,1.3412513255567338,59800.0,1.0,0.2350782498589361,0.1864048319041239,0.0486734179548122,0.03070450767455668,0.017968910280255518,0.21634686324025237,9902.86978393872,3225.0705947068,1.0022588153369598,13,0
gafsa,2020,56219.55,59800.0,0.9401,19.78064,515.1036,0.049692567,134.11742,0.2247534741226313,0.2120026573246983,0.1898413657585231,0.2189521227338971,0,56094.3,63240.0,47150.0,59667.15,55494.76666666666,0.887006641366224,59800.0,1.0,0.2247534741226313,0.1898413657585231,0.03491210836410821,0.022161291566175217,0.006949465409198802,0.21138740498493747,10189.078874304,2652.9284027488,0.9829507785028799,14,0
gafsa,2021,56658.8,59800.0,0.9475,20.371338,209.72707,0.03259879,94.51307,0.2114031024088357,0.1943815998362363,0.1794141869733512,0.2051152189380174,0,56219.55,56094.3,63240.0,56156.925,58517.950000000004,1.0022328471876822,59800.0,1.0,0.2114031024088357,0.1794141869733512,0.03198891543548449,0.014967412862885082,0.010733619101781111,0.19757852703911016,4272.42103071966,1925.35769438766,0.6640809694810201,15,0
gafsa,2022,56559.3,59800.0,0.9458,20.446747,228.07051,0.03407829,123.576584,0.2098615813049197,0.2100022085529256,0.1901457102426681,0.2085378332406571,0,56658.8,56219.55,56094.3,56439.175,56324.216666666674,1.0078131183903107,59800.0,1.0,0.2100022085529256,0.1901457102426681,0.019856498310257487,0.019856498310257487,-0.0014643753122684788,0.20463683333529264,4663.30001613097,2526.739148172248,0.6967901738226299,16,0
gafsa,2023,55928.1,59800.0,0.9353,20.30072,182.1145,0.040451758,122.60771,0.2139083399288135,0.2075264478561857,0.2015755130043171,0.2161013415220889,0,56559.3,56658.8,56219.55,56609.05,56479.216666666674,0.9982438738554293,59800.0,1.0,0.2161013415220889,0.2015755130043171,0.014525828517771816,0.005950934851868622,0.008574893665903194,0.2097779105778513,3697.0554724399994,2489.0247905511997,0.8211998126657599,17,0
jendouba,2007,4500.0,18000.0,0.25,16.540283,1194.6072,0.28966868,799.41815,0.4621456218828411,0.6335309692456453,0.4173774510999615,0.6348411000012143,0,23600.0,11700.0,11700.0,12362.5,12350.0,1.0247783490323952,17700.0,1.0169491525423728,0.6348411000012143,0.4173774510999615,0.2174636489012528,0.21615351814568384,0.0013101307555689612,0.5369737855574156,19759.141161837597,13222.602436336449,4.79120194343644,1,1
jendouba,2008,9700.0,18000.0,0.5389,16.480164,956.7456,0.28033876,622.45166,0.4748240130736448,0.5880538573638571,0.4112724412194413,0.6016888154662555,0,4500.0,23600.0,11700.0,14050.0,12350.0,0.1906779661016949,18000.0,1.0,0.6016888154662555,0.4112724412194413,0.19041637424681424,0.17678141614441578,0.013634958102398453,0.5189597817807997,15767.324394278397,10258.105438872239,4.62002874035664,2,1
jendouba,2009,11700.0,18000.0,0.65,16.412476,1519.5546,0.30480468,1010.5643,0.4991784683399162,0.6496379728060097,0.4335047608992431,0.607592757271117,0,9700.0,4500.0,23600.0,7100.0,12600.0,2.1555555555555554,18000.0,1.0,0.6496379728060097,0.4335047608992431,0.21613321190676654,0.21613321190676654,-0.04204521553489271,0.5474784898290714,24939.6534031896,16585.8623202068,5.00259949518768,3,1
jendouba,2010,17700.0,18000.0,0.9833,16.459991,1120.7203,0.29132888,822.54755,0.4708007664735723,0.6097734425730815,0.4274928310383321,0.595881015142702,0,11700.0,9700.0,4500.0,10700.0,8633.333333333334,1.2061855670103092,18000.0,1.0,0.6097734425730815,0.4274928310383321,0.18228061153474945,0.18228061153474945,-0.01389242743037955,0.525987013806922,18447.046051517296,13539.125270072049,4.79527074284008,4,1
jendouba,2011,6200.0,18000.0,0.3444,16.446991,1361.741,0.29893172,942.6885,0.4876673316899499,0.649171722377249,0.4485737743267646,0.6346469737000531,0,17700.0,11700.0,9700.0,14700.0,13033.333333333334,1.5128205128205128,18000.0,1.0,0.649171722377249,0.4485737743267646,0.20059794805048436,0.20059794805048436,-0.014524748677195887,0.5550149505235041,22396.541971331,15504.3892753035,4.91652730845452,5,1
jendouba,2012,11600.0,18000.0,0.6444,17.01706,1122.077,0.28443447,819.4352,0.5133989309431094,0.6351699419776817,0.4264491381085866,0.6106591145384911,0,6200.0,17700.0,11700.0,11950.0,11866.666666666666,0.3502824858757062,18000.0,1.0,0.6351699419776817,0.4264491381085866,0.20872080386909514,0.20872080386909514,-0.02451082743919064,0.5464192813919672,19094.45163362,13944.377964512001,4.8402384420582,6,1
jendouba,2013,12000.0,18000.0,0.6667,16.538605,1169.7759,0.28455195,831.8027,0.4688195861779961,0.6259600455987607,0.4314672038981959,0.632767168870646,0,11600.0,6200.0,17700.0,8900.0,11833.333333333334,1.8709677419354838,18000.0,1.0,0.632767168870646,0.4314672038981959,0.20129996497245012,0.19449284170056486,0.0068071232718852626,0.5397535011363996,19346.461548619503,13756.856293233499,4.70609230302975,7,1
jendouba,2014,11200.0,18000.0,0.6222,17.137115,1104.7229,0.2770437,862.41095,0.4493181192239939,0.6550062740422892,0.4245285309747499,0.6322146241703878,0,12000.0,11600.0,6200.0,11800.0,9933.333333333334,1.0344827586206897,18000.0,1.0,0.6550062740422892,0.4245285309747499,0.23047774306753926,0.23047774306753926,-0.02279164987190141,0.5402668871028552,18931.763380433502,14779.23562740925,4.747729746925501,8,1
jendouba,2015,11500.0,18000.0,0.6389,16.925964,1084.5991,0.2749176,822.84296,0.4780406988560527,0.6106659563717037,0.4335005990877762,0.5955070791092678,0,11200.0,12000.0,11600.0,11600.0,11600.0,0.9333333333333333,18000.0,1.0,0.6106659563717037,0.4335005990877762,0.17716535728392752,0.17716535728392752,-0.015158877262435921,0.5294285833562001,18357.885321032398,13927.41031861344,4.6532454005664,9,1
jendouba,2016,14100.0,19700.0,0.7157,17.270233,899.8245,0.26981986,671.2615,0.4608010155166375,0.6215495135194875,0.4219121368595031,0.6508882102208083,0,11500.0,11200.0,12000.0,11350.0,11566.666666666666,1.0267857142857142,18000.0,1.0944444444444446,0.6508882102208083,0.4219121368595031,0.22897607336130527,0.19963737665998443,0.029338696701320832,0.538787719029109,15540.1787741085,11592.8425089295,4.659851850227381,10,1
jendouba,2017,11450.0,19700.0,0.5812,17.156036,984.57,0.26367924,690.37463,0.4315630846288637,0.6265926015798834,0.4072007091968266,0.6143463542069528,0,14100.0,11500.0,11200.0,12800.0,12266.666666666666,1.2260869565217392,19700.0,1.0,0.6265926015798834,0.4072007091968266,0.21939189238305679,0.21939189238305679,-0.012246247372930563,0.5199256874031316,16891.31836452,11844.09200576668,4.52369053389264,11,1
jendouba,2018,11700.0,19700.0,0.5939,16.928802,1146.5752,0.29148078,829.47455,0.510248561089613,0.6479575833772445,0.4357512848617511,0.6430795908431658,0,11450.0,14100.0,11500.0,12775.0,12350.0,0.8120567375886525,19700.0,1.0,0.6479575833772445,0.4357512848617511,0.21220629851549344,0.21220629851549344,-0.004877992534078723,0.5592592550429436,19410.1445389104,14042.010420989101,4.9344204114255605,12,1
jendouba,2019,18923.15,19700.0,0.9606,16.896942,1287.9001,0.29381144,939.26276,0.52045422793467,0.6578559459260075,0.4528570450303459,0.662446480560439,0,11700.0,11450.0,14100.0,11575.0,12416.666666666666,1.0218340611353711,19700.0,1.0,0.662446480560439,0.4528570450303459,0.20958943553009307,0.20499890089566158,0.004590534634431487,0.5734034248628657,21761.573291494202,15870.668378479919,4.96451486061648,13,1
jendouba,2020,19289.9,19700.0,0.9792,17.376617,1005.24664,0.26623586,655.7167,0.4714318119323827,0.6494358577692826,0.4319936130597901,0.6643629004043011,0,18923.15,11700.0,11450.0,15311.575,14024.383333333333,1.617363247863248,19700.0,1.0,0.6643629004043011,0.4319936130597901,0.232369287344511,0.21744224470949247,0.01492704263501854,0.5543060457914392,17467.78585381688,11394.137956403898,4.62627857088562,14,1
jendouba,2021,19729.15,19700.0,1.0015,17.728058,898.74646,0.2680256,645.4029,0.4474716782488418,0.6286133982421575,0.4070401224480509,0.6294301472271615,0,19289.9,18923.15,11700.0,19106.525,16637.683333333334,1.0193810227155626,19700.0,1.0,0.6294301472271615,0.4070401224480509,0.22239002477911063,0.22157327579410657,0.0008167489850040566,0.5281388365415529,15933.02937017468,11441.740044568201,4.7515733822848,15,1
jendouba,2022,19629.65,19700.0,0.9964,18.374268,587.2171,0.24832445,530.8737,0.430401398432732,0.6322473704681689,0.4170289294049019,0.6179426668332443,0,19729.15,19289.9,18923.15,19509.525,19314.06666666667,1.0227709837790762,19700.0,1.0,0.6322473704681689,0.4170289294049019,0.21521844106326704,0.21521844106326704,-0.014304703634924643,0.5244050912847618,10789.6843695828,9754.4156379516,4.5627799952526,16,1
jendouba,2023,19256.15,19700.0,0.9775,18.012238,514.40106,0.24886934,631.6032,0.4170965059296027,0.5623580600672994,0.4403730682121061,0.6017913616955052,0,19629.65,19729.15,19289.9,19679.4,19549.56666666667,0.9949567011249851,19700.0,1.0,0.6017913616955052,0.4170965059296027,0.1846948557659025,0.12198499185519329,0.0394333016282058,0.5054047489761283,9265.51432017228,11376.5871599616,4.48269378298292,17,1
kairouan,2007,134000.0,160000.0,0.8375,18.297424,1053.8735,0.18781923,356.1084,0.2231273605609201,0.3189685938530481,0.2004851995278576,0.271223195269927,0,123000.0,99677.35,99706.85,100094.57500000001,98948.91666666667,0.99175924694759,153000.0,1.0457516339869282,0.3189685938530481,0.2004851995278576,0.1184833943251905,0.1184833943251905,-0.0477453985831211,0.2534510873029382,19283.170271863997,6515.8663847616,3.43660808666352,1,0
kairouan,2008,88000.0,161000.0,0.5466,18.403503,785.3741,0.18501899,254.82732,0.2451945890143452,0.2166946186131765,0.1717899409161012,0.2365403541100702,0,134000.0,123000.0,99706.85,128500.0,98948.91666666667,1.089430894308943,160000.0,1.00625,0.2451945890143452,0.1717899409161012,0.07340464809824401,0.04490467769707529,0.019845735496893724,0.21755487566342327,14453.6346054723,4689.7153481019595,3.40499753752197,2,0
kairouan,2009,72400.0,162500.0,0.4455,18.31903,1249.6857,0.19902988,401.59003,0.2600277512428908,0.3093993140086951,0.1969858317829484,0.2599419309120971,0,88000.0,134000.0,123000.0,111000.0,115000.0,0.6567164179104478,161000.0,1.0093167701863355,0.3093993140086951,0.1969858317829484,0.11241348222574668,0.11241348222574668,-0.04945738309659797,0.2565887069866578,22893.029828871,7356.739807270901,3.6460343426164004,3,0
kairouan,2010,96000.0,163800.0,0.5861,18.58368,966.7276,0.18308699,315.67102,0.2441691696486836,0.2228725191715583,0.1757985979266821,0.2520561356675013,0,72400.0,88000.0,134000.0,80200.0,98133.33333333333,0.8227272727272728,162500.0,1.008,0.2520561356675013,0.1757985979266821,0.0762575377408192,0.04707392124487619,0.029183616495943004,0.2237241056036063,17965.356365568,5866.3292209536,3.4024300343232,4,0
kairouan,2011,82500.0,165100.0,0.4997,18.064087,1163.3754,0.1994565,314.47565,0.2167146815678164,0.2750177393688888,0.2083438026386218,0.308123623466642,0,96000.0,72400.0,88000.0,84200.0,85466.66666666667,1.3259668508287292,163800.0,1.007936507936508,0.308123623466642,0.2083438026386218,0.09977982082802023,0.066673936730267,0.033105884097753224,0.25204996176049227,21015.3144392598,5680.71550098155,3.6029995687155,5,0
kairouan,2012,124000.0,166010.0,0.7469,18.79181,1052.9822,0.19032383,300.5228,0.2468981875209356,0.3156765730960042,0.1971287864946913,0.2975934130917715,0,82500.0,96000.0,72400.0,89250.0,83633.33333333333,0.859375,165100.0,1.005511811023622,0.3156765730960042,0.1971287864946913,0.11854778660131293,0.11854778660131293,-0.018083160004232712,0.26432424005085065,19787.441435782,5647.367358268001,3.5765292518323,6,0
kairouan,2013,108900.0,168680.0,0.6456,18.469269,917.53827,0.17442146,360.25186,0.2501636352123574,0.209437720384472,0.1808368849246738,0.2395912489021407,0,124000.0,82500.0,96000.0,103250.0,100833.33333333333,1.503030303030303,166010.0,1.0160833684717787,0.2501636352123574,0.1808368849246738,0.06932675028768359,0.02860083545979819,0.0301535285176687,0.22000737235591097,16946.26112642463,6653.588510090341,3.22143686411274,7,0
kairouan,2014,51450.0,168680.0,0.305,18.865112,996.78656,0.19005653,305.7273,0.236248124274835,0.3407187327720034,0.2044695172441168,0.2905820281452591,0,108900.0,124000.0,82500.0,116450.0,105133.33333333333,0.8782258064516129,168680.0,1.0,0.3407187327720034,0.2044695172441168,0.13624921552788657,0.13624921552788657,-0.0501367046267443,0.26800460060905357,18804.49009449472,5767.5797559576,3.58543772478136,8,0
kairouan,2015,152300.0,171030.0,0.8905,18.791504,810.4034,0.17491566,301.5016,0.2414893094364887,0.2558551580925095,0.190572785020551,0.2462977383430294,0,51450.0,108900.0,124000.0,80175.0,94783.33333333333,0.4724517906336088,168680.0,1.013931705003557,0.2558551580925095,0.190572785020551,0.06528237307195853,0.06528237307195853,-0.009557419749480128,0.23355374772314466,15228.698732713601,5665.6685224063995,3.28692832455264,9,0
kairouan,2016,49740.0,171030.0,0.2908,19.21344,1060.0876,0.18501699,327.99448,0.2425584640443256,0.2333768783128391,0.1805294740933647,0.2745337385178147,0,152300.0,51450.0,108900.0,101875.0,104216.66666666667,2.9601554907677357,171030.0,1.0,0.2745337385178147,0.1805294740933647,0.09400426442445001,0.0528474042194744,0.04115686020497561,0.232749638742086,20367.929497344,6301.902261811199,3.5548128363455995,10,0
kairouan,2017,68250.0,171030.0,0.3991,18.66806,683.37,0.1804918,195.99953,0.2460605262950919,0.3150103047518948,0.1991878609711835,0.320126103469781,0,49740.0,152300.0,51450.0,101020.0,84496.66666666667,0.32659225213394616,171030.0,1.0,0.320126103469781,0.1991878609711835,0.1209382424985975,0.1158224437807113,0.0051157987178862,0.27009619887198777,12757.1921622,3658.9309860118,3.3694317519080004,11,0
kairouan,2018,127280.0,171030.0,0.7442,18.812958,1088.7134,0.18513966,349.11008,0.3012437416743448,0.2409959027039313,0.207906382601413,0.2766724134173222,0,68250.0,49740.0,152300.0,58995.0,90096.66666666667,1.3721351025331725,171030.0,1.0,0.3012437416743448,0.207906382601413,0.09333735907293181,0.03308952010251828,0.035676510713390897,0.25670461009925283,20481.9194682372,6567.793272416639,3.48302464771428,12,0
kairouan,2019,101316.75,171030.0,0.5924,18.683197,1113.3326,0.18940593,365.33337,0.2697253737853222,0.2984920189282335,0.2130509368161103,0.2912353247865913,0,127280.0,68250.0,49740.0,97765.0,81756.66666666667,1.864908424908425,171030.0,1.0,0.2984920189282335,0.2130509368161103,0.08544108211212323,0.08544108211212323,-0.007256694141642206,0.26812591357906435,20800.6122923222,6825.59532238389,3.53870830315821,13,0
kairouan,2020,99706.85,171030.0,0.583,19.003601,946.8161,0.18132137,346.67438,0.3268797410670686,0.2734239756688472,0.2103977961368736,0.3052375044948314,0,101316.75,127280.0,68250.0,114298.375,98948.91666666667,0.796014692017599,171030.0,1.0,0.3268797410670686,0.2103977961368736,0.11648194493019498,0.06302617953197359,0.031813528825984205,0.2789847543419052,17992.9153847761,6588.06159444238,3.44575896825337,14,0
kairouan,2021,99647.85,171030.0,0.5826,19.642548,489.5693,0.15282957,175.80919,0.2175399210555388,0.2696270836642633,0.2030290774658457,0.2912105915571849,0,99706.85,101316.75,127280.0,100511.8,109434.53333333333,0.9841102285653656,171030.0,1.0,0.2912105915571849,0.2030290774658457,0.08818151409133917,0.0665980061984176,0.021583507892921572,0.24535166843570813,9616.3884745764,3453.3404534161205,3.00196216454436,15,0
kairouan,2022,99693.29,171030.0,0.5829,19.967896,584.3359,0.16022816,211.30687,0.2327277503770739,0.2864756296257177,0.2086216486163642,0.2471861445210879,0,99647.85,99706.85,101316.75,99677.35,100223.81666666667,0.9994082653298143,171030.0,1.0,0.2864756296257177,0.2086216486163642,0.0778539810093535,0.0778539810093535,-0.03928948510462982,0.24375279328506094,11667.958480266401,4219.35360424552,3.19941923515136,16,0
kairouan,2023,99685.85,171030.0,0.5829,19.887024,418.92096,0.1641716,251.67497,0.2207935382880018,0.2487409171123362,0.2306505962656619,0.2619191923625373,0,99693.29,99647.85,99706.85,99670.57,99682.66333333333,1.0004560058245109,171030.0,1.0,0.2619191923625373,0.2207935382880018,0.0411256540745355,0.018090320846674307,0.0131782752502011,0.2405260610071343,8331.09118562304,5005.06616858928,3.2648845493184,17,0
kasserine,2007,11600.0,52500.0,0.221,16.003784,1168.4741,0.15553875,338.95325,0.225299793336227,0.3124806547269706,0.2055868359155058,0.2336839704297194,0,37200.0,30733.0,30000.0,27697.5,28200.0,0.9904659420289854,52000.0,1.0096153846153846,0.3124806547269706,0.2055868359155058,0.10689381881146481,0.10689381881146481,-0.07879668429725123,0.2442628136021057,18700.0071059944,5424.534599098,2.48920855863,1,0
kasserine,2008,37700.0,53000.0,0.7113,16.024261,1098.4214,0.16386819,276.63873,0.2474726361277487,0.2282741040043833,0.1732823674132627,0.2528798980626581,0,11600.0,37200.0,30000.0,24400.0,28200.0,0.3118279569892473,52500.0,1.0095238095238095,0.2528798980626581,0.1732823674132627,0.0795975306493954,0.05499173659112061,0.024605794058274788,0.22547725140201322,17601.391201585397,4432.93121222853,2.62586664615759,2,1
kasserine,2009,10800.0,53500.0,0.2019,15.811707,1495.9038,0.17870423,388.84427,0.2516402005661831,0.3596820446564424,0.2126134270662668,0.293504909684653,0,37700.0,11600.0,37200.0,24650.0,28833.333333333332,3.25,53000.0,1.009433962264151,0.3596820446564424,0.2126134270662668,0.1470686175901756,0.1470686175901756,-0.0661771349717894,0.2793601454933863,23652.7925857866,6148.29166586889,2.82561892442061,3,0
kasserine,2010,43100.0,54000.0,0.7981,16.405975,1025.3359,0.15264888,337.2097,0.2186726524092081,0.2226432446500924,0.1836570012008722,0.2450153406768287,0,10800.0,37700.0,11600.0,24250.0,20033.333333333332,0.2864721485411141,53500.0,1.0093457943925233,0.2450153406768287,0.1836570012008722,0.06135833947595651,0.03898624344922019,0.022372096026736316,0.21749705973425035,16821.635142002502,5532.253907957501,2.504353709058,4,1
kasserine,2011,12300.0,54000.0,0.2278,15.723114,1432.3678,0.17750487,296.19778,0.2292061364505199,0.3297789871966703,0.2178528694399975,0.2855358037970287,0,43100.0,10800.0,37700.0,26950.0,30533.333333333332,3.990740740740741,54000.0,1.0,0.3297789871966703,0.2178528694399975,0.11192611775667283,0.11192611775667283,-0.04424318339964162,0.2655934492210541,22521.2822093292,4657.15146148692,2.79092930656518,5,0
kasserine,2012,52300.0,54500.0,0.9596,16.605103,1140.6108,0.1622119,293.0948,0.24043808399985,0.2994756994234015,0.2008799838355009,0.2549828115037362,0,12300.0,43100.0,10800.0,27700.0,22066.666666666668,0.2853828306264501,54000.0,1.0092592592592593,0.2994756994234015,0.2008799838355009,0.09859571558790062,0.09859571558790062,-0.044492887919665325,0.24894414469062215,18939.9598169124,4866.8693427644,2.6935453073257,6,1
kasserine,2013,20000.0,56500.0,0.354,16.162323,1068.3276,0.15027626,297.65726,0.2357777560579221,0.2147430463607754,0.1875308113673733,0.2408986592344646,0,52300.0,12300.0,43100.0,32300.0,35900.0,4.252032520325203,54500.0,1.036697247706422,0.2408986592344646,0.1875308113673733,0.05336784786709131,0.027212234993402112,0.0261556128736892,0.21973756825513382,17266.6557410148,4810.83277941498,2.42881345335198,7,0
kasserine,2014,13540.0,62550.0,0.2165,16.72406,1205.8173,0.16220541,275.2776,0.2152511338888788,0.3262031801449893,0.1990198067924639,0.2814801524049129,0,20000.0,52300.0,12300.0,36150.0,28200.0,0.3824091778202677,56500.0,1.107079646017699,0.3262031801449893,0.1990198067924639,0.1271833733525254,0.1271833733525254,-0.04472302774007636,0.25548856830781125,20166.160874238,4603.759099056,2.7127330091646003,8,1
kasserine,2015,41850.0,59900.0,0.6987,16.272675,1030.2716,0.15908146,309.76062,0.2440669899469534,0.2995645564348082,0.1995493223259484,0.2708400348461489,0,13540.0,20000.0,52300.0,16770.0,28613.333333333332,0.677,62550.0,0.9576338928856915,0.2995645564348082,0.1995493223259484,0.10001523410885982,0.10001523410885982,-0.028724521588659346,0.25350522588846475,16765.27490853,5040.6338970585,2.5886808971055,9,1
kasserine,2016,27030.0,61500.0,0.4395,17.071625,1041.6234,0.15057632,309.12625,0.207917443428209,0.2390032399258067,0.1771171174339424,0.2648528490445667,0,41850.0,13540.0,20000.0,27695.0,25130.0,3.0908419497784343,59900.0,1.026711185308848,0.2648528490445667,0.1771171174339424,0.08773573161062428,0.06188612249186429,0.025849609118759997,0.22222266245813121,17782.204076025,5277.287417656251,2.5705824689200005,10,0
kasserine,2017,15700.0,63600.0,0.2469,16.461578,920.7094,0.15766439,235.09468,0.2150254214232686,0.3175252660967738,0.1935814539817494,0.2828900304051407,0,27030.0,41850.0,13540.0,34440.0,27473.333333333332,0.6458781362007169,61500.0,1.0341463414634147,0.3175252660967738,0.1935814539817494,0.1239438121150244,0.1239438121150244,-0.03463523569163307,0.25225554297673314,15156.329603433198,3870.02941220504,2.5954046538074196,11,0
kasserine,2018,30000.0,63600.0,0.4717,16.416107,1257.3798,0.16049172,329.73026,0.2684197417989402,0.2405131287443879,0.1996027510228123,0.2717083795132444,0,15700.0,27030.0,41850.0,21365.0,28193.333333333332,0.5808361080281169,63600.0,1.0,0.2717083795132444,0.1996027510228123,0.07210562849043209,0.0409103777215756,0.031195250768856486,0.24506100026984617,20641.2813364386,5412.887229297819,2.63464924813404,12,1
kasserine,2019,31466.0,63600.0,0.4947,16.353607,1339.7998,0.17042433,339.4283,0.279109101725263,0.3466372903839059,0.2235886490370502,0.3105872495712137,0,30000.0,15700.0,27030.0,22850.0,24243.333333333332,1.910828025477707,63600.0,1.0,0.3466372903839059,0.2235886490370502,0.1230486413468557,0.1230486413468557,-0.0360500408126922,0.2899805726793582,21910.559387878602,5550.8770228780995,2.7870525160583104,13,0
kasserine,2020,33845.45,63600.0,0.5322,16.838104,1137.5757,0.15761977,274.51822,0.2373239908483353,0.2979646892754036,0.213059662117632,0.2887450805114109,0,31466.0,30000.0,15700.0,30733.0,25722.0,1.0488666666666666,63600.0,1.0,0.2979646892754036,0.213059662117632,0.0849050271577716,0.0849050271577716,-0.009219608763992693,0.25927335568819543,19154.617944472804,4622.36633825488,2.65401807971608,14,0
kasserine,2021,36800.0,63600.0,0.5786,17.643463,686.3766,0.13205901,189.95024,0.2096153502163481,0.2406312480578493,0.1859454340774183,0.2497255286080527,0,33845.45,31466.0,30000.0,32655.725,31770.483333333334,1.0756197165194177,63600.0,1.0,0.2497255286080527,0.1859454340774183,0.0637800945306344,0.054685813980431014,0.009094280550203393,0.2214793902399171,12110.0601461658,3351.3800312811204,2.3299782567516303,15,0
kasserine,2022,34300.0,63600.0,0.5393,17.662994,664.06384,0.13510211,235.58687,0.2164687820680465,0.2598742147102846,0.1928483088493883,0.21838136124277,0,36800.0,33845.45,31466.0,35322.725,34037.15,1.0872953380735078,63600.0,1.0,0.2598742147102846,0.1928483088493883,0.0670259058608963,0.0670259058608963,-0.04149285346751461,0.22189316671762235,11729.35562153696,4161.16947128878,2.38630775831734,16,0
kasserine,2023,32990.65,63600.0,0.5187,17.519897,479.79318,0.13681804,250.81976,0.2021000501031609,0.1986371106395989,0.221173856633072,0.2132367500464154,0,34300.0,36800.0,33845.45,35550.0,34981.816666666666,0.9320652173913043,63600.0,1.0,0.221173856633072,0.1986371106395989,0.022536745993473106,-0.022536745993473106,0.014599639406816495,0.2087869418555618,8405.92709490246,4394.33636076472,2.39703796854188,17,0
kef,2007,8500.0,30450.0,0.2791,16.117096,968.5451,0.22522244,518.4618,0.24699268033724006,0.3454556133628448,0.20802449563169245,0.33790526793541553,1,24000.0,12225.0,12170.0,11605.0,11746.666666666666,1.0293164703008357,28200.0,1.0797872340425532,0.3454556133628448,0.20802449563169245,0.13743111773115235,0.13743111773115235,-0.0075503454274292725,0.2845945143167982,15610.134357029601,8356.098602932801,3.62993168683424,1,1
kef,2008,7000.0,30500.0,0.2295,16.139587,849.6606,0.220545,421.44092,0.2559861897829446,0.2507188591935963,0.1857154180070959,0.2903490390642113,1,8500.0,24000.0,12170.0,16250.0,11746.666666666666,0.3541666666666667,30450.0,1.0016420361247949,0.2903490390642113,0.1857154180070959,0.10463362105711538,0.06500344118650042,0.03963017987061496,0.24569237651196202,13713.1711741722,6801.88239370004,3.5595052149149997,2,1
kef,2009,8500.0,33000.0,0.2576,15.963104,1278.7917,0.2480233,634.50977,0.2851031539670154,0.3455283956901051,0.208111742575936,0.29874394420359773,1,7000.0,8500.0,24000.0,7750.0,13166.666666666666,0.8235294117647058,30500.0,1.0819672131147542,0.3455283956901051,0.208111742575936,0.13741665311416906,0.13741665311416906,-0.04678445148650734,0.28437180910916354,20413.4849014368,10128.74544752608,3.9592217323231997,3,1
kef,2010,18100.0,34000.0,0.5324,16.27304,887.312,0.22054757,528.60925,0.2510974799052589,0.22721921800795963,0.18598948468056048,0.26791821407999883,1,8500.0,7000.0,8500.0,7750.0,8000.0,1.2142857142857142,33000.0,1.0303030303030303,0.26791821407999883,0.18598948468056048,0.08192872939943835,0.041229733327399154,0.040698996072039195,0.23305609916844447,14439.263668480002,8602.079469620001,3.5889794285128005,4,1
kef,2011,4500.0,34500.0,0.1304,15.871277,1236.4364,0.24366614,575.4383,0.23909647462368944,0.3023983632827796,0.21309833603930964,0.31530142368448244,1,18100.0,8500.0,7000.0,13300.0,11200.0,2.1294117647058823,34000.0,1.0147058823529411,0.31530142368448244,0.21309833603930964,0.1022030876451728,0.08930002724346994,0.01290306040170286,0.26747364940756524,19623.8245972828,9132.9406557091,3.8672928034607796,5,1
kef,2012,13800.0,34000.0,0.4059,16.62912,998.19476,0.23179746,501.94632,0.2436681357603928,0.3260805829784421,0.20303764508312744,0.31789412378693327,1,4500.0,18100.0,8500.0,11300.0,10366.666666666666,0.24861878453038674,34500.0,0.9855072463768116,0.3260805829784421,0.20303764508312744,0.12304293789531467,0.12304293789531467,-0.008186459191508844,0.27267012190222395,16599.1004474112,8346.9255888384,3.8545877780352003,6,1
kef,2013,14750.0,35000.0,0.4214,16.16803,886.49506,0.22062755,477.25955,0.25271162600975006,0.2120903833726237,0.18418384814602357,0.24076649020731425,1,13800.0,4500.0,18100.0,9150.0,12133.333333333334,3.066666666666667,34000.0,1.0294117647058822,0.25271162600975006,0.18418384814602357,0.06852777786372649,0.027906535226600138,0.028676106834690546,0.2224380869339279,14332.878724931801,7716.3467221865,3.5671128472265003,7,1
kef,2014,8600.0,40670.0,0.2115,16.801392,977.1465,0.22398035,502.8056,0.23910260672698036,0.3376936073563859,0.20174466201829033,0.2994953920936337,1,14750.0,13800.0,4500.0,14275.0,11016.666666666666,1.068840579710145,35000.0,1.162,0.3376936073563859,0.20174466201829033,0.1359489453380956,0.1359489453380956,-0.038198215262752244,0.2695090670488226,16417.421387928,8447.8339853952,3.7631816606472,8,1
kef,2015,10000.0,41230.0,0.2425,16.38266,854.6795,0.22298561,477.53476,0.2480420626420598,0.2777098572636589,0.1987920051107332,0.271927151965773,1,8600.0,14750.0,13800.0,11675.0,12383.333333333334,0.5830508474576271,40670.0,1.0137693631669535,0.2777098572636589,0.1987920051107332,0.07891785215292568,0.07891785215292568,-0.005782705297885882,0.24911776924555623,14001.92365747,7823.289611261601,3.6530974335226003,9,1
kef,2016,12170.0,43570.0,0.2793,16.999847,791.80536,0.20728537,448.54282,0.24915876903095815,0.2361900591193229,0.1814746172293572,0.28802840390687795,1,10000.0,8600.0,14750.0,9300.0,11116.666666666666,1.1627906976744187,41230.0,1.0567547902013097,0.28802840390687795,0.1814746172293572,0.10655378667752075,0.05471544188996569,0.05183834478755506,0.23871296232162903,13460.569973779919,7625.15931294854,3.52381957533839,10,1
kef,2017,10790.0,44770.0,0.241,16.741272,778.9529,0.21447824,360.0317,0.2516689638871825,0.3265327849035541,0.2044909155158578,0.3587862573121971,1,12170.0,10000.0,8600.0,11085.0,10256.666666666666,1.217,43570.0,1.0275418866192334,0.3587862573121971,0.2044909155158578,0.1542953417963393,0.12204186938769629,0.032253472408643014,0.2853697304046979,13040.662374088799,6027.388618322399,3.5906385539212793,11,1
kef,2018,12280.0,44770.0,0.2743,16.505157,996.0161,0.2287835,512.3635,0.3113221571074317,0.24111182747657472,0.20597849832591364,0.2991124501209228,1,10790.0,12170.0,10000.0,11480.0,10986.666666666666,0.8866064092029581,44770.0,1.0,0.3113221571074317,0.20597849832591364,0.10534365878151808,0.035133329150661086,0.05800062264434808,0.2643812332577107,16439.4021050277,8456.6400085695,3.7761075865095,12,1
kef,2019,18589.05,44770.0,0.4152,16.36319,1203.2997,0.24225247,592.4882,0.2980450983368227,0.326041345284914,0.21831979292658024,0.3104375531744935,1,12280.0,10790.0,12170.0,11535.0,11746.666666666666,1.1380908248378128,44770.0,1.0,0.326041345284914,0.21831979292658024,0.10772155235833378,0.10772155235833378,-0.015603792110420511,0.28821094743070264,19689.821618043,9694.996989358,3.9640231945793,13,1
kef,2020,14308.35,44770.0,0.3196,17.008575,869.91583,0.21401067,424.87375,0.2916791624671776,0.29126330721542054,0.2117287291272528,0.34997760549560686,1,18589.05,12280.0,10790.0,15434.525,13886.35,1.513766286644951,44770.0,1.0,0.34997760549560686,0.2117287291272528,0.13824887636835406,0.07953457808816775,0.05871429828018632,0.2861622010763645,14796.028638242251,7226.497042406249,3.6400165314952497,14,1
kef,2021,12333.9,44770.0,0.2755,17.708862,693.6248,0.20125668,340.9185,0.2262423578697051,0.27600265476705754,0.2062286958958121,0.3226269247326289,1,14308.35,18589.05,12280.0,16448.7,15059.133333333333,0.7697192702155301,44770.0,1.0,0.3226269247326289,0.2062286958958121,0.11639822883681678,0.06977395887124543,0.04662426996557134,0.2577751583163009,12283.3058629776,6037.278669747,3.56402677269816,15,1
kef,2022,12208.0,44770.0,0.2727,17.972198,582.7977,0.1957541,350.363,0.2245982662225602,0.27317492216800116,0.20073497873287627,0.246349128156296,1,12333.9,14308.35,18589.05,13321.125,15077.1,0.8620071496713457,44770.0,1.0,0.27317492216800116,0.20073497873287627,0.07243994343512489,0.07243994343512489,-0.02682579401170515,0.2362143238199334,10474.155658344598,6296.793207874,3.5181314445117997,16,1
kef,2023,9700.0,44770.0,0.2167,17.707733,416.19595,0.18819585,420.6493,0.2046793299377806,0.24745317073561524,0.2216326661638126,0.24085285113277194,1,12208.0,12333.9,14308.35,12270.95,12950.083333333334,0.9897923608915267,44770.0,1.0,0.24745317073561524,0.2046793299377806,0.04277384079783464,0.025820504571802627,-0.0066003196028432964,0.2286545044924951,7369.88675828135,7448.7454910369,3.3325218635080502,17,1
mahdia,2007,119800.0,135000.0,0.8874,19.367859,477.59424,0.15190852,316.55084,0.2031771698983285,0.2366677116201489,0.1840505940854002,0.2432627352889729,0,124700.0,122250.0,119800.0,102290.0,101433.33333333333,0.9259089885771936,133400.0,1.0119940029985008,0.2432627352889729,0.1840505940854002,0.05921214120357271,0.05261711753474871,0.006595023668824002,0.2167895527232126,9249.97789953216,6130.91203545156,2.94214279625868,1,0
mahdia,2008,59800.0,135350.0,0.4418,19.34491,309.73047,0.15520251,212.00638,0.2216229252631481,0.2144087555151163,0.1639252073957049,0.2449518340171065,0,119800.0,124700.0,119800.0,122250.0,101433.33333333333,0.9607056936647955,135000.0,1.0025925925925927,0.2449518340171065,0.1639252073957049,0.08102662662140159,0.05048354811941139,0.0305430785019902,0.21122718054776896,5991.7080664077,4101.2443405258,3.0023785877240994,2,0
mahdia,2009,125500.0,135500.0,0.9262,19.257324,560.0636,0.1644508,348.2972,0.2493242282419489,0.2419749767797708,0.183394175781118,0.2613337711580374,0,59800.0,119800.0,124700.0,89800.0,101433.33333333333,0.4991652754590985,135350.0,1.0011082379017362,0.2613337711580374,0.183394175781118,0.07793959537691941,0.058580800998652816,0.019358794378266597,0.23400678799021876,10785.3262058064,6707.2720286928,3.1668823376592004,3,0
mahdia,2010,37100.0,135550.0,0.2737,19.683807,349.30862,0.14186497,263.5129,0.2085071928248298,0.1920072320085424,0.1687476112054409,0.2315099579444992,0,125500.0,59800.0,119800.0,92650.0,101700.0,2.0986622073578594,135500.0,1.000369003690037,0.2315099579444992,0.1687476112054409,0.06276234673905828,0.023259620803101483,0.0395027259359568,0.20019299849582806,6875.723459516341,5186.9370656103,2.7924426895407906,4,0
mahdia,2011,86200.0,135570.0,0.6358,19.13678,409.4252,0.15506181,242.10004,0.1912646303862498,0.1981292006448555,0.176545530592097,0.2463355309847459,0,37100.0,125500.0,59800.0,81300.0,74133.33333333333,0.29561752988047807,135550.0,1.000147547030616,0.2463355309847459,0.176545530592097,0.0697900003926489,0.02158367005275852,0.048206330339890385,0.20306872315198704,7835.079978856001,4633.015203471201,2.9673837443718,5,0
mahdia,2012,63700.0,135580.0,0.4698,19.691345,440.8978,0.15301219,264.9013,0.1983636340510753,0.2523251048935381,0.1835478755457437,0.2296605160929532,0,86200.0,37100.0,125500.0,61650.0,82933.33333333333,2.3234501347708894,135570.0,1.0000737626318508,0.2523251048935381,0.1835478755457437,0.0687772293477944,0.0687772293477944,-0.02266458880058489,0.21597428264582758,8681.870689541,5216.262889248499,3.0130158224955497,6,0
mahdia,2013,161600.0,135600.0,1.1917,19.54596,392.91095,0.14075932,367.85254,0.2552596168071427,0.1650104675580936,0.1581205082068928,0.2088559672744785,0,63700.0,86200.0,37100.0,74950.0,62333.333333333336,0.7389791183294664,135580.0,1.0001475143826524,0.2552596168071427,0.1581205082068928,0.09713910860024991,0.006889959351200792,0.043845499716384906,0.1968116399616519,7679.821712262001,7190.0310327383995,2.7512760383472,7,0
mahdia,2014,6100.0,135610.0,0.045,19.894135,336.60025,0.14744261,292.24603,0.2152775425980475,0.2739643761065439,0.1857590946427099,0.2701656519155753,0,161600.0,63700.0,86200.0,112650.0,103833.33333333333,2.536891679748823,135600.0,1.0000737463126843,0.2739643761065439,0.1857590946427099,0.088205281463834,0.088205281463834,-0.0037987241909686054,0.23629166631571913,6696.37081453375,5813.98197403405,2.9332431880923497,8,0
mahdia,2015,193550.0,135620.0,1.4271,19.691711,378.30157,0.14605474,258.05807,0.217199089745439,0.2161637194969507,0.1732536890229426,0.2308365644556188,0,6100.0,161600.0,63700.0,83850.0,77133.33333333333,0.037747524752475246,135610.0,1.0000737408745668,0.2308365644556188,0.1732536890229426,0.05758287543267618,0.0429100304740081,0.01467284495866808,0.20936326568023778,7449.405187286271,5081.6049356577705,2.87606773026014,9,1
mahdia,2016,15960.0,135650.0,0.1177,20.15033,466.51566,0.15680766,341.77518,0.243149818583693,0.1823671213915808,0.1626498319633702,0.239612009083648,0,193550.0,6100.0,161600.0,99825.0,120416.66666666667,31.729508196721312,135620.0,1.0002212063117535,0.243149818583693,0.1626498319633702,0.08049998662032279,0.019717289428210577,0.0572448876920672,0.206944695255573,9400.444499167801,6886.882662809399,3.1597260955278,10,0
mahdia,2017,10350.0,135800.0,0.0762,19.51233,290.32104,0.1489667,176.60028,0.2216224433212292,0.2585367913881335,0.1876545974205259,0.279134933358312,0,15960.0,193550.0,6100.0,104755.0,71870.0,0.08245931283905968,135650.0,1.001105786951714,0.279134933358312,0.1876545974205259,0.09148033593778612,0.07088219396760762,0.020598141970178507,0.23673719137205018,5664.839938423199,3445.8829414524,2.906687409411,11,1
mahdia,2018,240000.0,135800.0,1.7673,19.819641,466.2604,0.15314193,299.8551,0.2563892203817282,0.1964998083827405,0.1862955198599633,0.2373959503304932,0,10350.0,15960.0,193550.0,13155.0,73286.66666666667,0.6484962406015038,135800.0,1.0,0.2563892203817282,0.1862955198599633,0.07009370052176489,0.010204288522777216,0.04089614194775271,0.2191451247387313,9241.1137405164,5943.0204340191,3.0352180746471302,12,1
mahdia,2019,157325.0,135800.0,1.1585,19.65503,476.62265,0.15808609,348.33713,0.2323288340745212,0.2396861979053645,0.1881373343983725,0.2438519517606432,0,240000.0,10350.0,15960.0,125175.0,88770.0,23.18840579710145,135800.0,1.0,0.2438519517606432,0.1881373343983725,0.05571461736227071,0.051548863506992004,0.004165753855278703,0.22600107953472534,9368.032484429501,6846.5767402639,3.1071868415327004,13,0
mahdia,2020,140194.24,135800.0,1.0324,19.898834,441.7103,0.15661682,379.44812,0.2979193570392233,0.2273332196335088,0.1805593036660593,0.2886924535113679,0,157325.0,240000.0,10350.0,198662.5,135891.66666666666,0.6555208333333333,135800.0,1.0,0.2979193570392233,0.1805593036660593,0.11736005337316399,0.04677391596744951,0.061359233877859104,0.24862608346253984,8789.5199357902,7550.57515149208,3.11649210278788,14,0
mahdia,2021,138267.19,135800.0,1.0182,20.388733,182.9524,0.12447357,155.87549,0.194557384026469,0.2201007448973554,0.1820685851899467,0.2560764507943209,0,140194.24,157325.0,240000.0,148759.62,179173.08,0.8911122834895916,135800.0,1.0,0.2560764507943209,0.1820685851899467,0.0740078656043742,0.0380321597074087,0.0359757058969655,0.213200791227023,3730.1676353092,3178.10374685417,2.53785838428681,15,0
mahdia,2022,138496.01,135800.0,1.0199,20.836212,207.8512,0.12828512,183.40956,0.1821268723099147,0.1985906293988243,0.1721324253710251,0.202133425662256,0,138267.19,140194.24,157325.0,139230.715,145262.14333333334,0.9862544281419836,135800.0,1.0,0.202133425662256,0.1721324253710251,0.0300010002912309,0.026458204027799193,0.003542796263431708,0.18874583818550505,4330.8316676544,3821.56047498672,2.67297595676544,16,0
mahdia,2023,139254.05,135800.0,1.0254,20.70932,196.42769,0.13874497,246.14644,0.1834455141711896,0.2059580727852371,0.1916961611267542,0.1927369436846696,0,138496.01,138267.19,140194.24,138381.6,138985.81333333332,1.0016549117690177,135800.0,1.0,0.2059580727852371,0.1834455141711896,0.022512558614047495,0.014261911658482895,-0.013221129100567497,0.1934591729419626,4067.8838890708007,5097.5253928208,2.8733139821204,17,0
manouba,2007,7100.0,11480.0,0.6185,18.031921,327.79388,0.23806165,546.66754,0.3410930568987149,0.5472376998748136,0.2431844770712173,0.5604356543291297,0,33000.0,11750.0,12500.0,11525.0,11666.666666666666,1.1471153846153848,11400.0,1.0070175438596491,0.5604356543291297,0.2431844770712173,0.3172511772579124,0.30405322280359637,0.013197954454316041,0.42298772204346885,5910.75334844348,9857.46589454434,4.29270886592965,1,0
manouba,2008,16000.0,11640.0,1.3746,17.958618,231.23044,0.22127494,378.74225,0.2791345742169694,0.4812916186415637,0.2294145936162204,0.5430575673025836,0,7100.0,33000.0,12500.0,20050.0,11666.666666666666,0.21515151515151515,11480.0,1.0139372822299653,0.5430575673025836,0.2294145936162204,0.3136429736863632,0.2518770250253433,0.061765948661019865,0.38322458844433427,4152.57914193192,6801.687388210501,3.9737921204329205,2,1
manouba,2009,18000.0,11660.0,1.5437,17.925903,392.77963,0.24773687,680.92883,0.3107145585841337,0.5647217798516995,0.2564894956460303,0.468105936325786,0,16000.0,7100.0,33000.0,11550.0,18700.0,2.2535211267605635,11640.0,1.0017182130584192,0.5647217798516995,0.2564894956460303,0.30823228420566917,0.30823228420566917,-0.09661584352591346,0.40000794260191236,7040.929547755891,12206.26415648349,4.44090710114361,3,1
manouba,2010,17500.0,11700.0,1.4957,18.024933,304.19113,0.23554331,524.16174,0.3159570302946957,0.471683417909601,0.23571745885875,0.5294153565506524,0,18000.0,16000.0,7100.0,17000.0,13700.0,1.125,11660.0,1.0034305317324186,0.5294153565506524,0.23571745885875,0.2936978976919024,0.235965959050851,0.05773193864105142,0.3881933159034248,5483.02473744429,9447.98024466342,4.24565238134823,4,1
manouba,2011,10000.0,11700.0,0.8547,17.996582,414.86243,0.24219005,591.87866,0.2901476547539808,0.5046140143481942,0.2455954556967012,0.5733873421723579,0,17500.0,18000.0,16000.0,17750.0,17166.666666666668,0.9722222222222222,11700.0,1.0,0.5733873421723579,0.2455954556967012,0.3277918864756567,0.25901855865149304,0.06877332782416368,0.40343611674280855,7466.105740214261,10651.792838740119,4.3585930944091,5,1
manouba,2012,13000.0,11700.0,1.1111,18.4859,273.5294,0.23683745,502.27084,0.3040828426449235,0.547532593507504,0.2594338786595337,0.5527356619173799,0,10000.0,17500.0,18000.0,13750.0,15166.666666666666,0.5714285714285714,11700.0,1.0,0.5527356619173799,0.2594338786595337,0.29330178325784617,0.28809871484797034,0.005203068409875833,0.41594624418233533,5056.437135460001,9284.928521156,4.3781534169550005,6,1
manouba,2013,15200.0,11700.0,1.2991,18.132751,255.93808,0.21534176,564.61346,0.2609557828917892,0.5259749594199362,0.2443680371718897,0.50554251926218,0,13000.0,10000.0,17500.0,11500.0,13500.0,1.3,11700.0,1.0,0.5259749594199362,0.2443680371718897,0.2816069222480465,0.2816069222480465,-0.02043244015775625,0.3842103246864488,4640.86147605808,10237.99528142846,3.90473851398176,7,1
manouba,2014,8200.0,11700.0,0.7009,18.681,301.6882,0.22438826,493.50754,0.262582913628596,0.5277890517010541,0.2329639157295005,0.5084926095650898,0,15200.0,13000.0,10000.0,14100.0,12733.333333333334,1.1692307692307693,11700.0,1.0,0.5277890517010541,0.2329639157295005,0.2948251359715536,0.2948251359715536,-0.019296442135964265,0.3829571226560601,5635.8372642,9219.214354740001,4.19179708506,8,1
manouba,2015,10000.0,11700.0,0.8547,18.533417,255.57092,0.22031683,451.93396,0.2826882523044239,0.5132634096914604,0.2410243476296481,0.4929992889869961,0,8200.0,15200.0,13000.0,11700.0,12133.333333333334,0.5394736842105263,11700.0,1.0,0.5132634096914604,0.2410243476296481,0.27223906206181236,0.27223906206181236,-0.020264120704464372,0.3824938246531321,4736.60243343364,8375.88053714132,4.08322368250811,9,1
manouba,2016,12500.0,11700.0,1.0684,18.778229,271.87347,0.22382411,444.04922,0.2757543075012111,0.4121837764919343,0.2124582940451724,0.5865321300641321,0,10000.0,8200.0,15200.0,9100.0,11133.333333333334,1.2195121951219512,11700.0,1.0,0.5865321300641321,0.2124582940451724,0.37407383601895966,0.19972548244676186,0.1743483535721978,0.3717321270256124,5105.3022786846295,8338.457940431379,4.203020393301189,10,1
manouba,2017,5000.0,11730.0,0.4263,18.445984,217.35443,0.21183522,350.45346,0.2918529904546562,0.5010270723202406,0.2268342959085783,0.6200137987687254,0,12500.0,10000.0,8200.0,11250.0,10233.333333333334,1.25,11700.0,1.0025641025641026,0.6200137987687254,0.2268342959085783,0.39317950286014713,0.2741927764116623,0.11898672644848485,0.4099320393630501,4009.31633810912,6464.45891590464,3.9075090787564797,11,1
manouba,2018,11000.0,11730.0,0.9378,18.599457,301.787,0.22666945,558.8941,0.3399826578806642,0.4680226717705518,0.2288791165505179,0.6365492842119119,0,5000.0,12500.0,10000.0,8750.0,9166.666666666666,0.4,11730.0,1.0,0.6365492842119119,0.2288791165505179,0.407670167661394,0.2391435552200339,0.16852661244136014,0.4183584326034115,5613.074329659,10395.1267805037,4.21592868848865,12,1
manouba,2019,7400.0,11730.0,0.6309,18.482635,343.66998,0.23669834,534.4597,0.327935095217916,0.5015393412712371,0.2428321554902214,0.6047725733722266,0,11000.0,5000.0,12500.0,8000.0,9500.0,2.2,11730.0,1.0,0.6047725733722266,0.2428321554902214,0.36194041788200515,0.2587071857810157,0.10323323210098945,0.4192697913379002,6351.9268007973,9878.223557309499,4.374809023325899,13,1
manouba,2020,16600.0,11730.0,1.4152,18.603973,273.2543,0.21852277,425.0173,0.2898182977622927,0.4964463432241028,0.2362951274051618,0.5472664659609331,0,7400.0,11000.0,5000.0,9200.0,7800.0,0.6727272727272727,11730.0,1.0,0.5472664659609331,0.2362951274051618,0.3109713385557713,0.260151215818941,0.05082012273683029,0.3924565585881226,5083.6156193339,7907.010373732899,4.06539171296521,14,1
manouba,2021,4800.0,11730.0,0.4092,18.943573,297.80527,0.22461002,363.33072,0.2809813160053778,0.5196601952571521,0.2334216599395778,0.5886411696212654,0,16600.0,7400.0,11000.0,12000.0,11666.666666666666,2.2432432432432434,11730.0,1.0,0.5886411696212654,0.2334216599395778,0.35521950968168764,0.2862385353175743,0.06898097436411332,0.4056760852058433,5641.49587202971,6882.78201746256,4.25491631040146,15,1
manouba,2022,11188.0,11730.0,0.9538,19.485748,132.68874,0.19331665,321.4702,0.2640310787796335,0.4823769121089017,0.2219673909240366,0.5884578645682206,0,4800.0,16600.0,7400.0,10700.0,9600.0,0.2891566265060241,11730.0,1.0,0.5884578645682206,0.2219673909240366,0.36649047364418397,0.2604095211848651,0.10608095245931887,0.3892083115951981,2585.53935007752,6264.0873067096,3.7669195261042003,16,1
manouba,2023,11191.26,11730.0,0.9541,19.394287,129.81577,0.19336529,350.71036,0.2172365559496599,0.3554991033577847,0.2347264335378525,0.456681349976719,0,11188.0,4800.0,16600.0,7994.0,10862.666666666666,2.3308333333333335,11730.0,1.0,0.456681349976719,0.2172365559496599,0.2394447940270591,0.12077266981993218,0.10118224661893432,0.316035860705504,2517.6843005059895,6801.777375713319,3.7501819300982295,17,1
medenine,2007,34600.0,174300.0,0.1985,20.289368,615.0609,0.043346267,178.6861,0.1472237597855337,0.1638444667781514,0.1393984814184325,0.194068671272577,0,3600.0,35800.0,37000.0,46390.0,46416.666666666664,1.0046728971962615,173270.0,1.0059444797137416,0.194068671272577,0.1393984814184325,0.054670189854144485,0.024445985359718897,0.03022420449442559,0.16113384481367365,12479.196942511198,3625.4280393848003,0.879468362589256,1,1
medenine,2008,127500.0,175500.0,0.7265,20.292114,329.00974,0.047362033,143.06459,0.1356135124767703,0.1596377802309943,0.1366258791627805,0.1826854171940975,0,34600.0,3600.0,37000.0,19100.0,46416.666666666664,9.61111111111111,174300.0,1.0068846815834767,0.1826854171940975,0.1356135124767703,0.047071904717327195,0.023011901068213797,0.02304763696310322,0.15364064726616064,6676.303151190361,2903.0829696432606,0.961075772907762,2,0
medenine,2009,55800.0,175500.0,0.3179,20.292603,342.3,0.029583002,158.96286,0.1403460543840314,0.144765793790942,0.1293625165021472,0.1577687097632998,0,127500.0,34600.0,3600.0,81050.0,55233.333333333336,3.684971098265896,175500.0,1.0,0.1577687097632998,0.1293625165021472,0.028406193261152596,0.015403277288794814,0.013002915972357781,0.1430607686101051,6946.1580069,3225.77020972458,0.600316115134206,3,0
medenine,2010,37000.0,176050.0,0.2102,21.031097,267.55832,0.02381892,162.85695,0.1229186252718217,0.1243676126331031,0.1197723723054211,0.1409179341872693,0,55800.0,127500.0,34600.0,91650.0,72633.33333333333,0.4376470588235294,175500.0,1.003133903133903,0.1409179341872693,0.1197723723054211,0.021145561881848213,0.004595240327682007,0.016550321554166206,0.1269941360994038,5627.04498107704,3425.06031257415,0.50093801695524,4,0
medenine,2011,1700.0,176050.0,0.0097,19.897064,381.71982,0.028330822,174.01457,0.1547094156164252,0.1399814233455411,0.1233356540596694,0.1667920189697981,0,37000.0,55800.0,127500.0,46400.0,73433.33333333333,0.6630824372759857,176050.0,1.0,0.1667920189697981,0.1233356540596694,0.04345636491012869,0.016645769285871692,0.026810595624257,0.14620462799785844,7595.10368860848,3462.37903622248,0.563700178506608,5,0
medenine,2012,30100.0,180000.0,0.1672,20.619202,329.422,0.030761894,172.7898,0.1403010113157957,0.1735479428965856,0.1443311187223177,0.1698900005491528,0,1700.0,37000.0,55800.0,19350.0,31500.0,0.04594594594594595,176050.0,1.022436807725078,0.1735479428965856,0.1403010113157957,0.033246931580789896,0.029216824174267908,-0.003657942347432802,0.15701751837096295,6792.418761244001,3562.7877897396006,0.634285706288588,6,1
medenine,2013,103800.0,182000.0,0.5703,20.760132,261.45593,0.027961269,140.23877,0.1261979434827559,0.1257049322590812,0.119896887640881,0.1351470428739206,0,30100.0,1700.0,37000.0,15900.0,22933.333333333332,17.705882352941178,180000.0,1.011111111111111,0.1351470428739206,0.119896887640881,0.015250155233039603,0.005808044618200198,0.009442110614839405,0.12673670156415967,5427.85961898276,2911.3753767176395,0.580479635327508,7,0
medenine,2014,5350.0,175250.0,0.0305,21.001007,332.0304,0.027875539,160.14629,0.1284999798926596,0.1555161850316286,0.129307712615446,0.149760271725154,0,103800.0,30100.0,1700.0,66950.0,45200.0,3.4485049833887045,182000.0,0.9629120879120879,0.1555161850316286,0.1284999798926596,0.02701620513896899,0.0262084724161826,-0.005755913306474597,0.14077103731622204,6972.9727546128,3363.23335731403,0.585414389667773,8,0
medenine,2015,5400.0,178390.0,0.0303,20.226807,395.09683,0.035361733,176.03696,0.1571623204291616,0.1553096828724687,0.1331032741322551,0.1697185920400644,0,5350.0,103800.0,30100.0,54575.0,46416.666666666664,0.051541425818882464,175250.0,1.0179172610556348,0.1697185920400644,0.1331032741322551,0.03661531790780931,0.022206408740213623,0.014408909167595685,0.15382346736848745,7991.54732672181,3560.66561478672,0.715254948576531,9,1
medenine,2016,87360.0,180000.0,0.4853,21.289398,232.42227,0.024005093,129.54733,0.1323261284619324,0.137258690684605,0.1249789577138167,0.179338835993188,0,5400.0,5350.0,103800.0,5375.0,38183.333333333336,1.0093457943925233,178390.0,1.0090251695722854,0.179338835993188,0.1249789577138167,0.054359878279371304,0.012279732970788299,0.042080145308583006,0.1434756532133855,4948.13021009346,2757.9846682073394,0.511053978904014,10,1
medenine,2017,6530.0,182500.0,0.0358,19.940613,811.12256,0.05424594,249.84572,0.1527814331459903,0.1417262050013639,0.1308048961808086,0.1705213650994137,0,87360.0,5400.0,5350.0,46380.0,32703.333333333332,16.177777777777777,180000.0,1.0138888888888888,0.1705213650994137,0.1308048961808086,0.03971646891860511,0.010921308820555309,0.028795160098049805,0.14895847485689412,16174.28106452928,4982.07681222636,1.08169729636122,11,0
medenine,2018,51000.0,182500.0,0.2795,20.82367,350.71588,0.03699092,190.2719,0.1705025159628128,0.1736831830896331,0.1428649907778234,0.222833331024348,0,6530.0,87360.0,5400.0,46945.0,33096.666666666664,0.0747481684981685,182500.0,1.0,0.222833331024348,0.1428649907778234,0.0799683402465246,0.03081819231180971,0.049150147934714894,0.17747100521365433,7303.191748879601,3962.159255873,0.7702867110763999,12,1
medenine,2019,104000.0,182500.0,0.5699,20.460876,546.33875,0.038833953,187.43304,0.168719314110209,0.1582659756769842,0.1342391227628095,0.1976714503396188,0,51000.0,6530.0,87360.0,28765.0,48296.666666666664,7.810107197549771,182500.0,1.0,0.1976714503396188,0.1342391227628095,0.0634323275768093,0.024026852914174696,0.03940547466263461,0.16472396572240539,11178.569417744999,3835.04418974304,0.794576696922828,13,0
medenine,2020,56449.9,182500.0,0.3093,20.848816,336.53268,0.032215968,175.93439,0.1555089737748324,0.158363902611458,0.1349326453911922,0.2093339914158643,0,104000.0,51000.0,6530.0,77500.0,53843.333333333336,2.0392156862745097,182500.0,1.0,0.2093339914158643,0.1349326453911922,0.0744013460246721,0.02343125722026579,0.050970088804406316,0.16453487829833674,7016.30792330688,3668.02372518224,0.6716647890938879,14,0
medenine,2021,6250.0,182500.0,0.0342,21.529999,171.75397,0.020861732,97.69605,0.1359186264063415,0.1531659053176026,0.1351759399500068,0.1718301818078947,0,56449.9,104000.0,51000.0,80224.95,70483.3,0.5427875,182500.0,1.0,0.1718301818078947,0.1351759399500068,0.036654241857887904,0.01798996536759581,0.018664276490292092,0.14902266337046138,3697.86280234603,2103.39585880395,0.449153069098268,15,0
medenine,2022,6250.0,182500.0,0.0342,21.427582,111.206184,0.01745042,97.803314,0.1264475245643548,0.125781065330713,0.1214256896496839,0.1342984203047365,0,6250.0,56449.9,104000.0,31349.95,55566.63333333333,0.11071764520397732,182500.0,1.0,0.1342984203047365,0.1214256896496839,0.012872730655052594,0.004355375681029117,0.008517354974023478,0.12698817496237205,2382.879626567088,2095.688530606748,0.37392030548444005,16,1
medenine,2023,26469.34,182500.0,0.145,21.111908,227.99358,0.03492606,152.5414,0.131695326415027,0.1424774132841694,0.1343632162049436,0.1383453114703557,0,6250.0,6250.0,56449.9,6250.0,22983.3,1.0,182500.0,1.0,0.1424774132841694,0.131695326415027,0.010782086869142421,0.00811419707922581,-0.00413210181381371,0.13672031684362393,4813.37948555064,3220.4400029912003,0.7373557655224801,17,1
monastir,2007,96600.0,59990.0,1.6103,19.432281,193.42651,0.17099972,356.60593,0.2584348121870743,0.273658238864725,0.2103482894565915,0.3280247732299344,0,67100.0,67900.0,68700.0,64283.59,57900.0,0.806788324307659,60040.0,0.9991672218520986,0.3280247732299344,0.2103482894565915,0.11767648377334289,0.0633099494081335,0.054366534365209385,0.26761652843458134,3758.7182951693103,6929.66663802633,3.32291460996132,1,0
monastir,2008,71500.0,59990.0,1.1919,19.3685,134.33116,0.17617977,234.4417,0.2644997434381404,0.2603792900885645,0.1883847034126506,0.3153750549469199,0,96600.0,67100.0,68700.0,81850.0,57900.0,1.4396423248882266,59990.0,1.0,0.3153750549469199,0.1883847034126506,0.12699035153426932,0.07199458667591388,0.054995764858355445,0.25715969797156885,2601.7930724600005,4540.78406645,3.4123378752450004,2,0
monastir,2009,103800.0,59990.0,1.7303,19.272797,244.74043,0.18718548,368.25568,0.2953983046787233,0.2845192585676411,0.2036100580856052,0.3039829787225425,0,71500.0,96600.0,67100.0,84050.0,78400.0,0.7401656314699793,59990.0,1.0,0.3039829787225425,0.2036100580856052,0.10037292063693729,0.0809092004820359,0.019463720154901387,0.271877650013628,4716.83262508271,7097.31696473696,3.60758775738756,3,0
monastir,2010,39500.0,59990.0,0.6584,19.649261,151.37253,0.16086249,302.52805,0.2580257901618342,0.2257383886518846,0.1883219681602488,0.2733044399482214,0,103800.0,71500.0,96600.0,87650.0,90633.33333333333,1.4517482517482518,59990.0,1.0,0.2733044399482214,0.1883219681602488,0.08498247178797261,0.03741642049163579,0.047566051296336814,0.23634764673054726,2974.3583502003303,5944.45261427105,3.1608290511198898,4,0
monastir,2011,30400.0,59990.0,0.5068,19.140686,200.1217,0.184641,266.49384,0.248986812796859,0.2259397551710358,0.1955650142838913,0.3025734604994901,0,39500.0,103800.0,71500.0,71650.0,71600.0,0.3805394990366089,59990.0,1.0,0.3025734604994901,0.1955650142838913,0.10700844621559877,0.03037474088714448,0.07663370532845429,0.24326626068781904,3830.4666214862,5100.874912374239,3.534155403726,5,0
monastir,2012,41400.0,59990.0,0.6901,19.673065,189.23865,0.17737041,293.69992,0.2355691458547613,0.2960005461695945,0.205195306330754,0.3066442583979886,0,30400.0,39500.0,103800.0,34950.0,57900.0,0.769620253164557,59990.0,1.0,0.3066442583979886,0.205195306330754,0.10144895206723459,0.09080523983884048,0.010643712228394109,0.2608523141882746,3722.9042619622505,5777.977616654801,3.4894196050066504,6,0
monastir,2013,83000.0,59990.0,1.3836,19.569183,147.86018,0.1583157,398.61224,0.2270532293766425,0.1792106244107882,0.1657882882952294,0.2406343211801639,0,41400.0,30400.0,39500.0,35900.0,37100.0,1.361842105263158,59990.0,1.0,0.2406343211801639,0.1657882882952294,0.0748460328849345,0.013422336115558792,0.0614236967693757,0.203171615815706,2893.50292083294,7800.515870599919,3.0981089050731,7,0
monastir,2014,2750.0,59990.0,0.0458,19.933105,155.99092,0.16879213,316.17395,0.2419570891791257,0.2992778968037031,0.1973307143849997,0.3084087560420083,0,83000.0,41400.0,30400.0,62200.0,51600.0,2.004830917874396,59990.0,1.0,0.3084087560420083,0.1973307143849997,0.1110780416570086,0.1019471824187034,0.0091308592383052,0.2617436141024592,3109.3833874066,6302.32854361475,3.3645512504636503,8,0
monastir,2015,68700.0,59990.0,1.1452,19.731354,168.03247,0.16921048,298.9456,0.2562515769055068,0.2532698461576092,0.198034687895518,0.2730142690853971,0,2750.0,83000.0,41400.0,42875.0,42383.333333333336,0.03313253012048193,59990.0,1.0,0.2730142690853971,0.198034687895518,0.0749795811898791,0.055235158262091216,0.019744422927787886,0.2451425950110078,3315.5081490643797,5898.6014603424,3.33875188138992,9,1
monastir,2016,38440.0,59970.0,0.641,20.113708,205.64864,0.18051207,375.3346,0.2990483967071317,0.2040858257243805,0.1785903119068203,0.3015230692959412,0,68700.0,2750.0,83000.0,35725.0,51483.333333333336,24.98181818181818,59990.0,0.9996666111018503,0.3015230692959412,0.1785903119068203,0.1229327573891209,0.02549551381756021,0.0974372435715607,0.24581190090856841,4136.35669555712,7549.3705466968,3.63076706645556,10,0
monastir,2017,7445.0,60000.0,0.1241,19.56009,125.27561,0.16830385,187.23978,0.2642676062035781,0.3053238149957715,0.2118360365533966,0.3557612022794143,0,38440.0,68700.0,2750.0,53570.0,36630.0,0.5595342066957788,59970.0,1.0005002501250626,0.3557612022794143,0.2118360365533966,0.1439251657260177,0.09348777844237488,0.05043738728364283,0.28429716500804014,2450.4022064049,3662.4269483801995,3.2920384533464997,11,0
monastir,2018,127670.0,60000.0,2.1278,19.821442,194.64326,0.17573921,334.1255,0.3191620601034969,0.2183148961813219,0.1914677109194886,0.2908393100949802,0,7445.0,38440.0,68700.0,22942.5,38195.0,0.19367845993756502,60000.0,1.0,0.3191620601034969,0.1914677109194886,0.1276943491840083,0.0268471852618333,0.0725244139136583,0.2549459943248219,3858.1100887809203,6622.8492189710005,3.4834045581408204,12,1
monastir,2019,99073.76,60000.0,1.6512,19.671692,211.46516,0.18050317,417.0869,0.3014711864172093,0.2941592921322436,0.2108911915818209,0.3102878567777733,0,127670.0,7445.0,38440.0,67557.5,57851.666666666664,17.14842175957018,60000.0,1.0,0.3102878567777733,0.2108911915818209,0.09939666519595242,0.08326810055042272,0.016128564645529697,0.2792023817272618,4159.87749625072,8204.8050340348,3.55080276526364,13,0
monastir,2020,82980.44,60000.0,1.383,19.91629,197.28438,0.1797285,435.0161,0.3632753927847996,0.2845619251554375,0.2056699967721273,0.361174794773075,0,99073.76,127670.0,7445.0,113371.88,78062.92,0.7760144121563405,60000.0,1.0,0.3632753927847996,0.2056699967721273,0.1576053960126723,0.07889192838331019,0.07661286961763752,0.3036705273713598,3929.1729245502,8663.906802269,3.5795249272650005,14,0
monastir,2021,49753.92,60000.0,0.8292,20.370453,91.75247,0.14894074,169.75058,0.2366363645683948,0.2730283982136836,0.2094283143257785,0.3346579773972857,0,82980.44,99073.76,127670.0,91027.1,103241.40000000001,0.8375622364589776,60000.0,1.0,0.3346579773972857,0.2094283143257785,0.1252296630715072,0.06360008388790508,0.06162957918360212,0.2634377636262856,1869.03937776891,3457.8962116127404,3.03399034395522,15,0
monastir,2022,52216.69,60000.0,0.8703,20.871735,94.17436,0.14773889,194.32768,0.2035902121910641,0.2364045922363706,0.1879428417818891,0.2455121117915041,0,49753.92,82980.44,99073.76,66367.18,77269.37333333334,0.5995861193312544,60000.0,1.0,0.2455121117915041,0.1879428417818891,0.05756927000961498,0.04846175045448148,0.009107519555133503,0.21836243950020698,1965.5822857146,4055.9558401248,3.0835669612741503,16,0
monastir,2023,58888.12,60000.0,0.9815,20.744629,87.99873,0.15987852,244.17632,0.2027549358031536,0.2461654243588943,0.2092777233825474,0.2197865099030066,0,52216.69,49753.92,82980.44,50985.305,61650.35,1.0494990143490202,60000.0,1.0,0.2461654243588943,0.2027549358031536,0.0434104885557407,0.03688770097634689,-0.026378914455887692,0.21949614836190048,1825.5010063211698,5065.34716898528,3.31662058246908,17,0
nabeul,2007,30000.0,23000.0,1.3043,18.243805,578.7601,0.2585543,570.1113,0.4252576541518902,0.5297987501872541,0.3602816951639513,0.5802207436637111,0,39000.0,37000.0,36000.0,36400.0,37570.0,1.0280472109499297,23600.0,0.9745762711864406,0.5802207436637111,0.3602816951639513,0.21993904849975981,0.16951705502330278,0.05042199347645704,0.4738897107917017,10558.786406180498,10400.9993854965,4.7170142311114995,1,0
nabeul,2008,30000.0,22850.0,1.3129,18.231812,339.69516,0.23359577,346.88193,0.4175829594082422,0.5149757844139127,0.3449654261605453,0.5611979241020175,0,30000.0,39000.0,36000.0,34500.0,37570.0,0.7692307692307693,23000.0,0.9934782608695653,0.5611979241020175,0.3449654261605453,0.2162324979414722,0.17001035825336736,0.046222139688104846,0.4596805235211794,6193.25829442992,6324.286133957161,4.258874162635241,2,0
nabeul,2009,36000.0,23000.0,1.5652,18.144714,595.9516,0.25643316,637.1606,0.4723067374935447,0.5426063234167036,0.3631657476536531,0.5484174466796405,0,30000.0,30000.0,39000.0,30000.0,33000.0,1.0,22850.0,1.0065645514223194,0.5484174466796405,0.3631657476536531,0.18525169902598743,0.17944057576305045,0.005811123262936979,0.4816240638108855,10813.3713398424,11561.0968590684,4.65290634831624,3,0
nabeul,2010,35000.0,23000.0,1.5217,18.192444,457.56885,0.24205308,514.53674,0.4528016413060734,0.5247980281837331,0.3562204894563908,0.5659099778196955,0,36000.0,30000.0,30000.0,33000.0,32000.0,1.2,23000.0,1.0,0.5659099778196955,0.3562204894563908,0.20968948836330475,0.16857753872734232,0.04111194963596243,0.4749325341914732,8324.295679769399,9360.680828392558,4.40353710292752,4,0
nabeul,2011,30700.0,23000.0,1.3348,18.126617,629.0878,0.251402,506.55334,0.3923680359153862,0.5230569594003629,0.3507544596903366,0.5884797426032716,0,35000.0,36000.0,30000.0,35500.0,33666.666666666664,0.9722222222222222,23000.0,1.0,0.5884797426032716,0.3507544596903366,0.23772528291293504,0.1723024997100263,0.06542278320290873,0.46366479940233934,11403.2336099726,9182.09838425078,4.557067767034,5,0
nabeul,2012,35000.0,23000.0,1.5217,18.54889,467.30453,0.25066444,468.40933,0.4456410274535861,0.5460783811308663,0.3564913203297404,0.5862120852416496,0,30700.0,35000.0,36000.0,32850.0,33900.0,0.8771428571428571,23000.0,1.0,0.5862120852416496,0.3564913203297404,0.22972076491190918,0.18958706080112586,0.04013370411078332,0.4836057035389606,8667.9803234717,8688.473137143701,4.6495471244716,6,0
nabeul,2013,38000.0,23500.0,1.617,18.32138,424.67896,0.23117594,563.6505,0.3996829992008535,0.5305369799341548,0.3521129475485726,0.5675262220613092,0,35000.0,30700.0,35000.0,32850.0,33566.666666666664,1.1400651465798046,23000.0,1.0217391304347827,0.5675262220613092,0.3521129475485726,0.21541327451273662,0.17842403238558224,0.036989242127154376,0.4624647871862225,7780.704604164801,10326.85499769,4.2354622435972,7,0
nabeul,2014,34600.0,23200.0,1.4914,18.69339,516.5823,0.24339394,440.75314,0.3931403543135604,0.55405230598035,0.34654770235889,0.5855247365150511,0,38000.0,35000.0,30700.0,36500.0,34566.666666666664,1.0857142857142856,23500.0,0.9872340425531915,0.5855247365150511,0.34654770235889,0.23897703415616112,0.20750460362146006,0.03147243053470106,0.46981627479196286,9656.674400997,8239.1703397446,4.5498578440566,8,0
nabeul,2015,41000.0,23600.0,1.7373,18.568848,447.73923,0.24220379,424.08435,0.4393038916088653,0.5307973592515589,0.3613130377615872,0.5825270692148318,0,34600.0,38000.0,35000.0,36300.0,35866.666666666664,0.9105263157894737,23200.0,1.0172413793103448,0.5825270692148318,0.3613130377615872,0.2212140314532446,0.16948432148997172,0.05172970996327286,0.4784853394592108,8314.00170550704,7874.757834328799,4.49744536153392,9,0
nabeul,2016,43210.0,24050.0,1.7967,18.89151,464.57697,0.23746634,512.76105,0.3984629743497748,0.4892393924071496,0.3265039629569118,0.5976948277977016,0,41000.0,34600.0,38000.0,37800.0,37866.666666666664,1.1849710982658959,23600.0,1.0190677966101696,0.5976948277977016,0.3265039629569118,0.27119086484078975,0.16273542945023778,0.10845543539055197,0.4529752893778844,8776.5604745247,9686.8305036855,4.4860977367734,10,0
nabeul,2017,28500.0,24050.0,1.185,18.518677,351.653,0.22693889,327.53107,0.4178452161388785,0.5158469858346627,0.3420148945723039,0.5904159823528051,0,43210.0,41000.0,34600.0,42105.0,39603.333333333336,1.0539024390243903,24050.0,1.0,0.5904159823528051,0.3420148945723039,0.24840108778050124,0.17383209126235882,0.07456899651814242,0.46653076972466256,6512.148323081001,6065.44209279439,4.20260800264853,11,0
nabeul,2018,45000.0,24050.0,1.8711,18.770996,481.36768,0.24102549,541.4178,0.4980326669081426,0.5042716947779778,0.3724406116208982,0.6049389559333355,0,28500.0,43210.0,41000.0,35855.0,37570.0,0.6595695440870168,24050.0,1.0,0.6049389559333355,0.3724406116208982,0.23249834431243727,0.13183108315707964,0.10066726115535762,0.4949209823100885,9035.750795809281,10162.951358128801,4.5242885086880404,12,0
nabeul,2019,63403.78,24050.0,2.6363,18.55606,566.4081,0.2521434,562.60394,0.4780801055435912,0.5561458131076109,0.3739895742918342,0.6135654208702804,0,45000.0,28500.0,43210.0,36750.0,38903.333333333336,1.5789473684210527,24050.0,1.0,0.6135654208702804,0.3739895742918342,0.23957584657844622,0.1821562388157767,0.05741960776266952,0.5054452284533292,10510.302688086,10439.712466876399,4.678788059004,13,0
nabeul,2020,63542.76,24050.0,2.6421,18.849426,437.0515,0.23216327,450.04858,0.420116231052059,0.5544503192138124,0.3698815457784961,0.5907296278934214,0,63403.78,45000.0,28500.0,54201.89,45634.59333333333,1.4089728888888888,24050.0,1.0,0.5907296278934214,0.3698815457784961,0.22084808211492535,0.1845687734353163,0.036279308679609046,0.4837944309844472,8238.169907439,8483.15740511508,4.37614437778302,14,0
nabeul,2021,57734.04,24050.0,2.4006,18.980469,439.7259,0.23471911,352.4589,0.417804478414258,0.5343386712403084,0.338977418059154,0.5934651369115339,0,63542.76,63403.78,45000.0,63473.270000000004,57315.513333333336,1.002191982875469,24050.0,1.0,0.5934651369115339,0.338977418059154,0.2544877188523799,0.19536125318115444,0.05912646567122548,0.47114642615631364,8346.2038134471,6689.8352252241,4.45507879106259,15,0
nabeul,2022,74455.0,24050.0,3.0958,19.543,203.50597,0.2081,294.83206,0.3930981508696105,0.5248394535997511,0.3431022175392942,0.5928754194380425,0,57734.04,63542.76,63403.78,60638.4,61560.193333333336,0.9085856516147551,24050.0,1.0,0.5928754194380425,0.3431022175392942,0.24977320189874824,0.18173723606045694,0.0680359658382913,0.46347881036167454,3977.1171717099996,5761.90294858,4.0668983,16,0
nabeul,2023,68026.0,24050.0,2.8285,19.409027,214.14268,0.21259737,355.5963,0.3282826189182035,0.4858514198304384,0.347081340379929,0.5022437729505415,0,74455.0,57734.04,63542.76,66094.52,65243.93333333333,1.2896204734676457,24050.0,1.0,0.5022437729505415,0.3282826189182035,0.17396115403233797,0.1387700794505094,0.016392353120103065,0.4158647880197781,4156.30105797236,6901.778187800099,4.12630809445899,17,0
sfax,2007,210000.0,305500.0,0.6874,19.489166,754.52325,0.07757398,260.75296,0.1732187357488027,0.1891796528583214,0.1723473374905681,0.1954416600053616,0,300000.0,140000.0,170000.0,169975.0,167800.0,0.7,303200.0,1.0075857519788918,0.1954416600053616,0.1723473374905681,0.023094322514793486,0.016832315367753287,0.0062620071470401995,0.18254684652576342,14705.0288701095,5081.857722431359,1.51185217350068,1,0
sfax,2008,308000.0,306000.0,1.0065,19.432648,492.14368,0.07932953,169.64293,0.1724019602905072,0.1716239604799929,0.1511499782476369,0.1865296662792835,0,210000.0,300000.0,170000.0,255000.0,167800.0,0.7,305500.0,1.0016366612111294,0.1865296662792835,0.1511499782476369,0.035379688031646594,0.020473982232355997,0.014905705799290597,0.1704263913243551,9563.654898864641,3296.6113443786403,1.54158283249544,2,0
sfax,2009,190000.0,307000.0,0.6189,19.325409,825.97876,0.08686467,296.62497,0.1956099886599977,0.1884053379097293,0.1641015488801833,0.1897642662769833,0,308000.0,210000.0,300000.0,259000.0,272666.6666666667,1.4666666666666666,306000.0,1.0032679738562091,0.1956099886599977,0.1641015488801833,0.03150843977981441,0.024303789029545997,0.0013589283672540142,0.18447028543172342,15962.37736231284,5732.39886486273,1.6786952754000302,3,0
sfax,2010,110000.0,307700.0,0.3575,19.829773,516.7434,0.06903338,226.94467,0.1768575392925317,0.1631640899844474,0.1522475976638128,0.191410691611863,0,190000.0,308000.0,210000.0,249000.0,236000.0,0.6168831168831169,307000.0,1.0022801302931597,0.191410691611863,0.1522475976638128,0.039163093948050204,0.010916492320634602,0.028246601627415602,0.17091997963816372,10246.9043212482,4500.26128965991,1.36891625482274,4,0
sfax,2011,70000.0,310000.0,0.2258,19.279999,519.0178,0.069823444,194.60812,0.1644766028322454,0.1691358473195485,0.1552392584850757,0.1993806754720668,0,110000.0,190000.0,308000.0,150000.0,202666.66666666666,0.5789473684210527,307700.0,1.0074748131296718,0.1993806754720668,0.1552392584850757,0.04414141698699112,0.013896588834472812,0.030244828152518305,0.1720580960272341,10006.6626649822,3752.0443589918805,1.346195930496556,5,0
sfax,2012,170000.0,310000.0,0.5484,19.829071,663.0937,0.078799635,227.4048,0.1705627997651844,0.1929019588130663,0.1645623480186512,0.1750365578038619,0,70000.0,110000.0,190000.0,90000.0,123333.33333333333,0.6363636363636364,310000.0,1.0,0.1929019588130663,0.1645623480186512,0.028339610794415104,0.028339610794415104,-0.01786540100920439,0.17576591610019096,13148.5320569527,4509.2259249408,1.562523557189085,6,0
sfax,2013,310000.0,312000.0,0.9936,19.685577,622.99036,0.06852724,304.15,0.2121092866767737,0.1520980370584026,0.1458437991352322,0.1815647526600246,0,170000.0,70000.0,110000.0,120000.0,116666.66666666667,2.4285714285714284,310000.0,1.0064516129032257,0.2121092866767737,0.1458437991352322,0.06626548754154149,0.006254237923170397,0.02946671560162198,0.17290396888260828,12263.924702037719,5987.368244549999,1.3489982596174799,7,0
sfax,2014,23400.0,313200.0,0.0747,20.042816,477.66696,0.070725106,227.53737,0.1730930472224697,0.2071547990180415,0.1681658824158175,0.2100107571735379,0,310000.0,170000.0,70000.0,240000.0,183333.33333333334,1.8235294117647058,312000.0,1.0038461538461538,0.2100107571735379,0.1681658824158175,0.04184487475772039,0.038988916602224005,0.0028559581554963853,0.18960612145746664,9573.79098855936,4560.489640033919,1.4175302861384957,8,0
sfax,2015,522000.0,313200.0,1.6667,19.705536,597.8823,0.074903674,192.41805,0.1741772355883274,0.1885758720430638,0.1586398671225846,0.1836388819941111,0,23400.0,310000.0,170000.0,166700.0,167800.0,0.07548387096774194,313200.0,1.0,0.1885758720430638,0.1586398671225846,0.02993600492047921,0.02993600492047921,-0.004936990048952705,0.17625796418702175,11781.5911864128,3791.7008113248,1.476017044539264,9,1
sfax,2016,69500.0,313500.0,0.2217,20.347229,638.4529,0.078358546,266.9228,0.1942795731312939,0.1520991516480033,0.14430093051409,0.1880455150684871,0,522000.0,23400.0,310000.0,272700.0,285133.3333333333,22.307692307692307,313200.0,1.0009578544061302,0.1942795731312939,0.14430093051409,0.04997864261720392,0.007798221133913319,0.035946363420483796,0.16968129259046857,12990.747362014099,5431.139336921199,1.594379279569034,10,0
sfax,2017,56000.0,315500.0,0.1775,19.562897,394.16318,0.071555905,174.69244,0.1793375097052792,0.1958306979072279,0.1639292863244831,0.2148286206899222,0,69500.0,522000.0,23400.0,295750.0,204966.66666666666,0.1331417624521073,313500.0,1.0063795853269537,0.2148286206899222,0.1639292863244831,0.050899334365439114,0.031901411582744815,0.0189979227826943,0.1884815286567281,7710.97369153246,3417.49021039868,1.399840799256785,11,0
sfax,2018,343500.0,315500.0,1.0887,19.989594,628.0289,0.06963572,227.10828,0.1910342956356858,0.1693168584330096,0.1591883566593947,0.1871723216968384,0,56000.0,69500.0,522000.0,62750.0,215833.33333333334,0.8057553956834532,315500.0,1.0,0.1910342956356858,0.1591883566593947,0.031845938976291094,0.010128501773614879,0.017855463263828808,0.1766779581062321,12554.0427312666,4539.80231123832,1.39198977069768,12,0
sfax,2019,3000.0,315500.0,0.0095,19.822083,596.25525,0.07307478,254.14,0.1995267846306105,0.1807230838301472,0.1595793390048082,0.1931824003797244,0,343500.0,56000.0,69500.0,199750.0,156333.33333333334,6.133928571428571,315500.0,1.0,0.1995267846306105,0.1595793390048082,0.0399474456258023,0.02114374482533901,0.012459316549577187,0.18325290196132257,11819.02105468575,5037.584173619999,1.4484943543667401,13,0
sfax,2020,2100.0,315500.0,0.0067,20.052856,616.41797,0.07620063,271.37408,0.2151892423153816,0.1856806446644744,0.1612860382105482,0.2203549956387107,0,3000.0,343500.0,56000.0,173250.0,134166.66666666666,0.008733624454148471,315500.0,1.0,0.2203549956387107,0.1612860382105482,0.05906895742816248,0.024394606453926188,0.034674350974236295,0.19562773020727872,12360.940788222319,5441.825348372479,1.52804026049928,14,1
sfax,2021,3600.0,315500.0,0.0114,20.499512,267.28815,0.052376304,132.14357,0.162453194885486,0.1776815442856972,0.1597907555051802,0.1935142603757254,0,2100.0,3000.0,343500.0,2550.0,116200.0,0.7,315500.0,1.0,0.1935142603757254,0.1597907555051802,0.03372350487054518,0.017890788780517003,0.015832716090028176,0.17335993876302222,5479.276638382799,2708.87869893784,1.0736886723636478,15,1
sfax,2022,2200.0,315500.0,0.007,20.868286,255.94595,0.055308633,154.3815,0.1645163254912019,0.1705661661115356,0.158159755618569,0.1723634940229641,0,3600.0,2100.0,3000.0,2850.0,2900.0,1.7142857142857142,315500.0,1.0,0.1723634940229641,0.158159755618569,0.014203738404395122,0.012406410492966619,0.0017973279114285035,0.16640143531106766,5341.1532851417005,3221.677295109,1.1541963717130381,16,1
sfax,2023,700.0,315500.0,0.0022,20.708282,248.93176,0.06357275,202.73038,0.1571295218242352,0.1669154065259742,0.1613647469615671,0.1643941947409528,0,2200.0,3600.0,2100.0,2900.0,2633.3333333333335,0.6111111111111112,315500.0,1.0,0.1669154065259742,0.1571295218242352,0.009785884701738995,0.00555065956440709,-0.0025212117850214044,0.16245096751318233,5154.94908483632,4198.19787900716,1.3164824345155,17,1
sidi bouzid,2007,124000.0,163000.0,0.7607,18.54248,862.8394,0.1198306,221.01337,0.24699268033724006,0.3454556133628448,0.20802449563169245,0.33790526793541553,1,86200.0,94300.0,91000.0,100230.0,95176.66666666667,0.9547072966946683,160000.0,1.01875,0.3454556133628448,0.20802449563169245,0.13743111773115235,0.13743111773115235,-0.0075503454274292725,0.2845945143167982,15999.182317712,4098.1359929576,2.2219565038880003,1,0
sidi bouzid,2008,116000.0,165500.0,0.7009,18.630035,695.4395,0.122429885,157.62212,0.2559861897829446,0.2507188591935963,0.1857154180070959,0.2903490390642113,1,124000.0,86200.0,91000.0,105100.0,95176.66666666667,1.4385150812064966,163000.0,1.0153374233128833,0.2903490390642113,0.1857154180070959,0.10463362105711538,0.06500344118650042,0.03963017987061496,0.24569237651196202,12956.062225382499,2936.5056123741997,2.280873042595975,2,0
sidi bouzid,2009,51000.0,168360.0,0.3029,18.381683,1155.2402,0.1381724,289.3955,0.2851031539670154,0.3455283956901051,0.208111742575936,0.29874394420359773,1,116000.0,124000.0,86200.0,120000.0,108733.33333333333,0.9354838709677419,165500.0,1.0172809667673717,0.3455283956901051,0.208111742575936,0.13741665311416906,0.13741665311416906,-0.04678445148650734,0.28437180910916354,21235.259145256598,5319.5763426265,2.5398412561491996,3,0
sidi bouzid,2010,97600.0,201550.0,0.4842,18.951233,751.0413,0.11898153,223.4375,0.2510974799052589,0.22721921800795963,0.18598948468056048,0.26791821407999883,1,51000.0,116000.0,124000.0,83500.0,97000.0,0.4396551724137931,168360.0,1.1971370871941078,0.26791821407999883,0.18598948468056048,0.08192872939943835,0.041229733327399154,0.040698996072039195,0.23305609916844447,14233.158668922899,4234.4161234375,2.25484669772649,4,0
sidi bouzid,2011,83000.0,207160.0,0.4007,18.31131,869.78406,0.12877138,179.4975,0.23909647462368944,0.3023983632827796,0.21309833603930964,0.31530142368448244,1,97600.0,51000.0,116000.0,74300.0,88200.0,1.9137254901960785,201550.0,1.0278342842967005,0.31530142368448244,0.21309833603930964,0.1022030876451728,0.08930002724346994,0.01290306040170286,0.26747364940756524,15926.885555718598,3286.8343667249997,2.3579726583077996,5,0
sidi bouzid,2012,91000.0,209500.0,0.4344,19.085815,754.3194,0.119608425,192.2195,0.2436681357603928,0.3260805829784421,0.20303764508312744,0.31789412378693327,1,83000.0,97600.0,51000.0,90300.0,77200.0,0.8504098360655737,207160.0,1.0112956169144622,0.3260805829784421,0.20303764508312744,0.12304293789531467,0.12304293789531467,-0.008186459191508844,0.27267012190222395,14396.800519311,3668.6658163925003,2.282824271991375,6,0
sidi bouzid,2013,60000.0,212500.0,0.2824,18.743896,844.0508,0.11423568,237.9529,0.25271162600975006,0.2120903833726237,0.18418384814602357,0.24076649020731425,1,91000.0,83000.0,97600.0,87000.0,90533.33333333333,1.0963855421686748,209500.0,1.0143198090692125,0.25271162600975006,0.18418384814602357,0.06852777786372649,0.027906535226600138,0.028676106834690546,0.2224380869339279,15820.800413916799,4460.1644104984,2.14122170540928,7,0
sidi bouzid,2014,38500.0,220170.0,0.1749,19.145996,802.6233,0.12505633,186.9178,0.23910260672698036,0.3376936073563859,0.20174466201829033,0.2994953920936337,1,60000.0,91000.0,83000.0,75500.0,78000.0,0.6593406593406593,212500.0,1.0360941176470588,0.3376936073563859,0.20174466201829033,0.1359489453380956,0.1359489453380956,-0.038198215262752244,0.2695090670488226,15367.0224913068,3578.7274511288,2.39432799395468,8,0
sidi bouzid,2015,177000.0,238170.0,0.7432,18.841034,727.9539,0.11848297,189.64957,0.2480420626420598,0.2777098572636589,0.1987920051107332,0.271927151965773,1,38500.0,60000.0,91000.0,49250.0,63166.666666666664,0.6416666666666667,220170.0,1.081755007494209,0.2777098572636589,0.1987920051107332,0.07891785215292568,0.07891785215292568,-0.005782705297885882,0.24911776924555623,13715.4041803326,3573.1939964553803,2.23234166619098,9,0
sidi bouzid,2016,70030.0,248500.0,0.2818,19.58725,755.15247,0.119580984,224.35977,0.24915876903095815,0.2361900591193229,0.1814746172293572,0.28802840390687795,1,177000.0,38500.0,60000.0,107750.0,91833.33333333333,4.597402597402597,238170.0,1.0433723810723432,0.28802840390687795,0.1814746172293572,0.10655378667752075,0.05471544188996569,0.05183834478755506,0.23871296232162903,14791.360218007501,4394.5909049325,2.3422626288540003,10,0
sidi bouzid,2017,62540.0,254500.0,0.2457,18.785004,588.2792,0.12126733,159.68604,0.2516689638871825,0.3265327849035541,0.2044909155158578,0.3587862573121971,1,70030.0,177000.0,38500.0,123515.0,95176.66666666667,0.3956497175141243,248500.0,1.0241448692152917,0.3587862573121971,0.2044909155158578,0.1542953417963393,0.12204186938769629,0.032253472408643014,0.2853697304046979,11050.827125116799,2999.70290014416,2.27800727911932,11,0
sidi bouzid,2018,128180.0,254500.0,0.5037,19.03241,871.87964,0.11854309,231.44383,0.3113221571074317,0.24111182747657472,0.20597849832591364,0.2991124501209228,1,62540.0,70030.0,177000.0,66285.0,103190.0,0.8930458374982151,254500.0,1.0,0.3113221571074317,0.20597849832591364,0.10534365878151808,0.035133329150661086,0.05800062264434808,0.2643812332577107,16593.9707791324,4404.9338645303,2.2561606915469,12,0
sidi bouzid,2019,124838.44,254500.0,0.4905,18.97464,736.9452,0.11927881,209.30125,0.2980450983368227,0.326041345284914,0.21831979292658024,0.3104375531744935,1,128180.0,62540.0,70030.0,95360.0,86916.66666666667,2.049568276303166,254500.0,1.0,0.326041345284914,0.21831979292658024,0.10772155235833378,0.10772155235833378,-0.015603792110420511,0.28821094743070264,13983.269869728001,3971.4158703000003,2.2632724793784003,13,0
sidi bouzid,2020,165762.01,254500.0,0.6513,19.265167,858.56305,0.12179311,208.17813,0.2916791624671776,0.29126330721542054,0.2117287291272528,0.34997760549560686,1,124838.44,128180.0,62540.0,126509.22,105186.14666666667,0.9739307224215946,254500.0,1.0,0.34997760549560686,0.2117287291272528,0.13824887636835406,0.07953457808816775,0.05871429828018632,0.2861622010763645,16540.36053827935,4010.5864401977105,2.34636460359937,14,0
sidi bouzid,2021,285373.0,254500.0,1.1213,19.9245,360.34406,0.09556439,124.18002,0.2262423578697051,0.27600265476705754,0.2062286958958121,0.3226269247326289,1,165762.01,124838.44,128180.0,145300.225,139593.48333333334,1.3278122507778856,254500.0,1.0,0.3226269247326289,0.2062286958958121,0.11639822883681678,0.06977395887124543,0.04662426996557134,0.2577751583163009,7179.67522347,2474.2248084899998,1.904072688555,15,0
sidi bouzid,2022,151589.73,254500.0,0.5956,20.11969,405.01883,0.10125081,155.11716,0.2245982662225602,0.27317492216800116,0.20073497873287627,0.246349128156296,1,285373.0,165762.01,124838.44,225567.505,191991.15,1.7215826473146651,254500.0,1.0,0.27317492216800116,0.20073497873287627,0.07243994343512489,0.07243994343512489,-0.02682579401170515,0.2362143238199334,8148.853303762699,3120.9091728804,2.0371349094488997,16,0
sidi bouzid,2023,141507.92,254500.0,0.556,19.993713,308.81686,0.10585276,169.08716,0.2046793299377806,0.24745317073561524,0.2216326661638126,0.24085285113277194,1,151589.73,285373.0,165762.01,218481.365,200908.24666666667,0.5311985716938884,254500.0,1.0,0.24745317073561524,0.2046793299377806,0.04277384079783464,0.025820504571802627,-0.0066003196028432964,0.2286545044924951,6174.39566840118,3380.68014902508,2.11638970369788,17,0
siliana,2007,14000.0,49040.0,0.2855,16.408386,1122.7806,0.22916706,496.30087,0.2815054321886103,0.5134764984013374,0.2327125882347536,0.4154795298144713,0,77300.0,40787.5,40230.0,36026.25,37445.0,0.9407575445172147,47820.0,1.0255123379339188,0.5134764984013374,0.2327125882347536,0.28076391016658375,0.28076391016658375,-0.09799696858686607,0.36079351215979316,18423.0174781116,8143.49624709582,3.76026157896516,1,0
siliana,2008,52000.0,49040.0,1.0604,16.482178,922.08563,0.22385496,372.3381,0.2734595247628196,0.3901161435520683,0.2029927990274237,0.4057524653133768,0,14000.0,77300.0,40230.0,45650.0,37445.0,0.18111254851228978,49040.0,1.0,0.4057524653133768,0.2029927990274237,0.20275966628595307,0.1871233445246446,0.01563632176130847,0.3180802331639221,15197.979484902142,6136.9428403818,3.68961729690288,2,1
siliana,2009,20000.0,58400.0,0.3425,16.356567,1389.8201,0.24539648,572.3499,0.2949006579839376,0.50880282138795,0.2372318816669077,0.3694626820483015,0,52000.0,14000.0,77300.0,33000.0,47766.666666666664,3.7142857142857144,49040.0,1.1908646003262642,0.50880282138795,0.2372318816669077,0.2715709397210423,0.2715709397210423,-0.13934013933964845,0.3525995107717742,22732.685583596696,9361.6794867933,4.01384396668416,3,0
siliana,2010,45100.0,59520.0,0.7577,16.60196,1029.5582,0.22320393,473.99622,0.2790314592800742,0.3944413310604464,0.2174257859683551,0.3701449322606162,0,20000.0,52000.0,14000.0,36000.0,28666.666666666668,0.38461538461538464,58400.0,1.0191780821917809,0.3944413310604464,0.2174257859683551,0.17701554509209128,0.17701554509209128,-0.0242963987998302,0.31526087714237294,17092.684054071997,7869.266284591199,3.7056227177027994,4,1
siliana,2011,13800.0,60870.0,0.2267,16.201569,1389.0087,0.24426624,518.13306,0.2794251983638561,0.4821687906573588,0.2497480362515702,0.4619076051702562,0,45100.0,20000.0,52000.0,32550.0,39033.333333333336,2.255,59520.0,1.0226814516129032,0.4821687906573588,0.2497480362515702,0.2324207544057886,0.2324207544057886,-0.020261185487102595,0.36831240761076034,22504.1202946503,8394.56852277114,3.9574963417305598,5,0
siliana,2012,50000.0,61820.0,0.8088,16.942871,1157.4539,0.23563002,458.9519,0.3217180634203138,0.5072324628268343,0.2445305437092874,0.4714794258949877,0,13800.0,45100.0,20000.0,29450.0,26300.0,0.30598669623059865,60870.0,1.0156070313783474,0.5072324628268343,0.2445305437092874,0.2627019191175469,0.2627019191175469,-0.035753036931846616,0.38624012396285584,19610.5921161469,7775.9628369049005,3.99224903258742,6,1
siliana,2013,36500.0,63220.0,0.5773,16.530304,911.9327,0.21390794,441.17416,0.2843084179945463,0.4421028368290496,0.2238885094295647,0.4478001270424785,0,50000.0,13800.0,45100.0,31900.0,36300.0,3.6231884057971016,61820.0,1.0226463927531544,0.4478001270424785,0.2238885094295647,0.2239116176129138,0.2182143273994849,0.005697290213428907,0.34952497282390976,15074.5247585408,7292.74298174464,3.53596327621376,7,0
siliana,2014,29500.0,64450.0,0.4577,17.14215,1096.9545,0.2249673,447.64532,0.2539054809169542,0.5104802513371256,0.2329662660114828,0.4593163651960745,0,36500.0,50000.0,13800.0,43250.0,33433.333333333336,0.73,63220.0,1.0194558683960773,0.5104802513371256,0.2329662660114828,0.2775139853256428,0.2775139853256428,-0.05116388614105111,0.3641670908654093,18804.158582175,7673.603222238001,3.856423201695,8,0
siliana,2015,38250.0,70000.0,0.5464,16.812927,907.863,0.21717037,415.5932,0.2520171353371662,0.4597930930889737,0.2255816642725947,0.3974598858475122,0,29500.0,36500.0,50000.0,33000.0,38666.666666666664,0.8082191780821918,64450.0,1.0861132660977502,0.4597930930889737,0.2255816642725947,0.234211428816379,0.234211428816379,-0.06233320724146152,0.33371294463656165,15263.834345001,6987.3381332964,3.6512695773729895,9,0
siliana,2016,30760.0,71600.0,0.4296,17.305908,979.78864,0.21335463,409.85532,0.2421173473559724,0.4163231520192125,0.2089002630061897,0.4075708211891404,0,38250.0,29500.0,36500.0,33875.0,34750.0,1.2966101694915255,70000.0,1.022857142857143,0.4163231520192125,0.2089002630061897,0.2074228890130228,0.2074228890130228,-0.008752330830072097,0.31872789589262873,16956.13206328512,7092.91846123056,3.6922955981540397,10,0
siliana,2017,41345.0,73680.0,0.5611,16.92868,821.68726,0.21417053,301.09717,0.2411742127735953,0.4545900817605517,0.2097939700605321,0.4289211045729849,0,30760.0,38250.0,29500.0,34505.0,32836.666666666664,0.8041830065359478,71600.0,1.029050279329609,0.4545900817605517,0.2097939700605321,0.2447961117000196,0.2447961117000196,-0.025668977187566833,0.333619842291916,13910.0806846168,5097.1776398356005,3.6256243678004,11,0
siliana,2018,40230.0,73680.0,0.546,16.92453,1076.5204,0.22278294,454.79083,0.3034822541113665,0.3805583726385468,0.2092275837211933,0.438650349820006,0,41345.0,30760.0,38250.0,36052.5,36785.0,1.3441157347204162,73680.0,1.0,0.438650349820006,0.2092275837211933,0.2294227660988127,0.1713307889173535,0.0580919771814592,0.33297964007277814,18219.601805412003,7697.1210460599,3.7704965515182005,12,0
siliana,2019,57303.96,73680.0,0.7777,16.732574,1325.3213,0.23760545,503.69644,0.3400544992571798,0.5052077390799071,0.2482364735469187,0.4657125252043836,0,40230.0,41345.0,30760.0,40787.5,37445.0,0.9730318055387592,73680.0,1.0,0.5052077390799071,0.2482364735469187,0.25697126553298844,0.25697126553298844,-0.039495213875523516,0.3898028092720973,22176.0367260262,8428.137955836559,3.9757507749283,13,0
siliana,2020,44746.3,73680.0,0.6073,17.260284,951.6612,0.21371895,400.73874,0.2714943296077442,0.4145554316781532,0.2247551895448922,0.4218224381162077,0,57303.96,40230.0,41345.0,48766.979999999996,46292.986666666664,1.4244086502609992,73680.0,1.0,0.4218224381162077,0.2247551895448922,0.19706724857131547,0.18980024213326097,0.007267006438054502,0.3331568472367493,16425.942583780798,6916.864462202159,3.6888497731817997,14,0
siliana,2021,51467.1,73680.0,0.6985,17.921478,783.0182,0.20173644,291.706,0.2349447946838714,0.4291285595277005,0.2119195354377483,0.4469401620340997,0,44746.3,57303.96,40230.0,51025.130000000005,47426.753333333334,0.7808587748560484,73680.0,1.0,0.4469401620340997,0.2119195354377483,0.2350206265963514,0.2172090240899522,0.017811602506399182,0.330733262920855,14032.8434448996,5227.802661468,3.61541517125832,15,0
siliana,2022,46757.0,73680.0,0.6346,18.230621,619.4565,0.19547103,304.123,0.2392745190647235,0.4717015032047522,0.2229076790193098,0.3899785028230949,0,51467.1,44746.3,57303.96,48106.7,51172.45333333333,1.1501978934571127,73680.0,1.0,0.4717015032047522,0.2229076790193098,0.24879382418544238,0.24879382418544238,-0.08172300038165731,0.3309655510279701,11293.0766774865,5544.351150383,3.5635582644096297,16,0
siliana,2023,46948.15,73680.0,0.6372,18.041351,453.63162,0.18903054,351.56024,0.2066037240724076,0.2686891784765604,0.2255094714817193,0.2999687984242095,0,46757.0,51467.1,44746.3,49112.05,47656.80000000001,0.9084832834956701,73680.0,1.0,0.2999687984242095,0.2066037240724076,0.09336507435180189,0.04317970699484108,0.03127961994764911,0.25019279311372417,8184.127281118619,6342.62168748424,3.4103663218595397,17,0
sousse,2007,110000.0,78000.0,1.4103,19.052856,476.4929,0.17648417,430.4323,0.2355505484874058,0.3719426328726415,0.2002602799697697,0.3477857626408966,0,120000.0,81150.0,83600.0,65787.5,76333.33333333333,0.9290271132376395,77000.0,1.0129870129870129,0.3719426328726415,0.2002602799697697,0.17168235290287182,0.17168235290287182,-0.024156870231744898,0.2888848059926784,9078.5506087224,8200.964629648799,3.3625274772895195,1,0
sousse,2008,105000.0,79000.0,1.3291,19.085693,292.83298,0.1706164,267.95233,0.2202691576686851,0.2410584282986282,0.1648726314662137,0.2653230231815027,0,110000.0,120000.0,83600.0,115000.0,76333.33333333333,0.9166666666666666,78000.0,1.0128205128205128,0.2653230231815027,0.1648726314662137,0.100450391715289,0.0761857968324145,0.024264594882874496,0.22288081015375744,5588.92035655514,5114.05590901469,3.2563322311652,2,0
sousse,2009,85000.0,79000.0,1.0759,18.958954,565.1142,0.1895695,440.22528,0.2753056499500932,0.3313747467237677,0.1959733714363489,0.2597132219988945,0,105000.0,110000.0,120000.0,107500.0,111666.66666666667,0.9545454545454546,79000.0,1.0,0.3313747467237677,0.1959733714363489,0.1354013752874188,0.1354013752874188,-0.0716615247248732,0.2655917475272761,10713.974122546799,8346.21083315712,3.594039430303,3,0
sousse,2010,111600.0,79000.0,1.4127,19.285614,385.6937,0.16600876,362.37704,0.2397838937477523,0.2287000473640347,0.1694633603420839,0.2625319882117763,0,85000.0,105000.0,110000.0,95000.0,100000.0,0.8095238095238095,79000.0,1.0,0.2625319882117763,0.1694633603420839,0.09306862786969242,0.05923668702195081,0.033831940847741604,0.22511982241641182,7438.339820431799,6988.66371590256,3.20158086597864,4,0
sousse,2011,33800.0,79000.0,0.4278,18.866302,515.0675,0.18888362,349.6124,0.2026553544384159,0.2665777797283523,0.1873986812225886,0.3224792239023229,0,111600.0,85000.0,105000.0,98300.0,100533.33333333333,1.3129411764705883,79000.0,1.0,0.3224792239023229,0.1873986812225886,0.13508054267973432,0.07917909850576368,0.05590144417397064,0.24477775982291994,9717.419005385,6595.8931213448,3.5635354177732403,5,0
sousse,2012,83600.0,79000.0,1.0582,19.439453,434.62015,0.178623,330.69843,0.2357770803347858,0.33648459286088,0.1911302309177103,0.329143989175878,0,33800.0,111600.0,85000.0,72700.0,76800.0,0.30286738351254483,79000.0,1.0,0.33648459286088,0.1911302309177103,0.1453543619431697,0.1453543619431697,-0.007340603685002001,0.27313397332231354,8448.777978777951,6428.59658715879,3.4723334132190002,6,0
sousse,2013,78700.0,79000.0,0.9962,19.27301,328.306,0.15576413,447.7461,0.2183344951834152,0.1866642317991331,0.1619935262617243,0.2227786995014641,0,83600.0,33800.0,111600.0,58700.0,76333.33333333333,2.473372781065089,79000.0,1.0,0.2227786995014641,0.1619935262617243,0.06078517323973978,0.0246707055374088,0.03611446770233098,0.19744273818643415,6327.444821059999,8629.415062761,3.0020436351313,7,0
sousse,2014,22350.0,79000.0,0.2829,19.63916,373.3698,0.16955061,362.2563,0.2147492952635018,0.3346684819407685,0.1813452274792336,0.2765703270806155,0,78700.0,83600.0,33800.0,81150.0,65366.666666666664,0.9413875598086124,79000.0,1.0,0.3346684819407685,0.1813452274792336,0.15332325446153489,0.15332325446153489,-0.05809815486015296,0.25183333294102983,7332.669241368,7114.409436708001,3.3298315578876,8,0
sousse,2015,95400.0,81000.0,1.1778,19.54007,329.75232,0.16078094,346.04697,0.2340655864231549,0.2254750936705453,0.1737394080079038,0.2286118886976848,0,22350.0,78700.0,83600.0,50525.0,61550.0,0.283989834815756,79000.0,1.0253164556962024,0.2340655864231549,0.1737394080079038,0.06032617841525109,0.0517356856626415,0.0031367950271395106,0.2154729941998222,6443.3834154624,6761.7820170878995,3.1416708222658003,9,1
sousse,2016,22140.0,81070.0,0.2731,19.841248,486.5721,0.177911,406.10315,0.2551677194782233,0.192469584836241,0.1591579151172875,0.274527347714747,0,95400.0,22350.0,78700.0,58875.0,65483.333333333336,4.268456375838926,81000.0,1.0008641975308643,0.274527347714747,0.1591579151172875,0.11536943259745952,0.033311669718953496,0.08205776287850602,0.2203306417866247,9654.1977059808,8057.593312731201,3.529976272928,10,0
sousse,2017,23140.0,81070.0,0.2854,19.349121,287.90323,0.16667776,220.92465,0.2556782261566204,0.3355403037103344,0.1957681111850547,0.3618113123449799,0,22140.0,95400.0,22350.0,58770.0,46630.0,0.2320754716981132,81070.0,1.0,0.3618113123449799,0.1957681111850547,0.16604320115992519,0.1397721925252797,0.026271008634645487,0.28719948834924736,5570.67443356083,4274.697784732651,3.2250681462489603,11,1
sousse,2018,198500.0,81070.0,2.4485,19.552582,452.33383,0.17341922,408.71442,0.325769948406009,0.2287232227753827,0.1902533630791892,0.2993662285962323,0,23140.0,22140.0,95400.0,22640.0,46893.333333333336,1.0451671183378501,81070.0,1.0,0.325769948406009,0.1902533630791892,0.1355165853268198,0.038469859696193515,0.07064300582084959,0.2610281907142033,8844.29430244906,7991.422211632441,3.3907935194260403,12,1
sousse,2019,39000.0,81070.0,0.4811,19.38385,502.55627,0.18049806,476.22467,0.294619010256436,0.3054454001859222,0.2005912235557464,0.3088310250095514,0,198500.0,23140.0,22140.0,110820.0,81260.0,8.578219533275712,81070.0,1.0,0.3088310250095514,0.2005912235557464,0.10823980145380499,0.1048541766301758,0.0033856248236291964,0.277371664751914,9741.4753542395,9231.0675695795,3.4987473203309998,13,0
sousse,2020,7407.0,81070.0,0.0914,19.669067,411.01993,0.17261775,436.1142,0.3128189191899871,0.277204411110631,0.1899319370806033,0.3387804162181387,0,39000.0,198500.0,23140.0,118750.0,86880.0,0.1964735516372796,81070.0,1.0,0.3387804162181387,0.1899319370806033,0.1488484791375354,0.08727247403002769,0.061576005107507714,0.27968392089984,8084.378541505309,8577.9594194514,3.3952300901392496,14,0
sousse,2021,16237.0,81070.0,0.2003,20.117004,220.08015,0.14601068,202.8273,0.2034648956783721,0.2789769113204315,0.1845956293165445,0.310595872067972,0,7407.0,39000.0,198500.0,23203.5,81635.66666666667,0.18992307692307692,81070.0,1.0,0.310595872067972,0.1845956293165445,0.12600024275142752,0.09438128200388701,0.0316189607475405,0.24440832709583002,4427.353257870601,4080.2776054092005,2.9372974336027204,15,1
sousse,2022,5400.0,81070.0,0.0666,20.58078,216.84344,0.14455156,235.04771,0.173225152419777,0.2233545921846083,0.1680417302333846,0.2099307195746225,0,16237.0,7407.0,39000.0,11822.0,20881.333333333332,2.19211556635615,81070.0,1.0,0.2233545921846083,0.1680417302333846,0.0553128619512237,0.0553128619512237,-0.013423872609985787,0.19363804860309808,4462.8071330832,4837.4652090138,2.9749838550168,16,1
sousse,2023,15759.54,81070.0,0.1944,20.493958,188.52068,0.15609474,283.78134,0.1705602136680741,0.1863142533324628,0.1804188814766653,0.1948761305635824,0,5400.0,16237.0,7407.0,10818.5,9681.333333333334,0.3325737513087393,81070.0,1.0,0.1948761305635824,0.1705602136680741,0.0243159168955083,0.005895371855797499,0.008561877231119619,0.18304236976019617,3863.53489805144,5815.80286314372,3.19899904558092,17,1
tataouine,2007,3500.0,20600.0,0.1699,20.772888,1206.034,0.021423211,80.49604,0.1233998329661777,0.1397313495110115,0.123171839943981,0.1527967148429865,0,600.0,2700.0,2000.0,2640.0,3136.6666666666665,1.133309190850582,19940.0,1.033099297893681,0.1527967148429865,0.123171839943981,0.02962487489900549,0.016559509567030492,0.013065365331974998,0.13477493431603918,25052.809206192,1672.1352233635198,0.44502196270336797,1,1
tataouine,2008,290.0,20640.0,0.0141,20.756805,780.5121,0.029239062,81.93351,0.123071680580875,0.1457940918661009,0.1248759196108816,0.1409418880465405,0,3500.0,600.0,2000.0,2050.0,3136.6666666666665,5.833333333333333,20600.0,1.0019417475728156,0.1457940918661009,0.123071680580875,0.022722411285225896,0.020918172255219303,-0.004852203819560391,0.13367089502609952,16200.937459840501,1700.67789003555,0.60690950831691,2,1
tataouine,2009,300.0,20900.0,0.0144,20.49939,946.27167,0.01906187,84.98795,0.1195101615386775,0.1273242245971673,0.1190160430473193,0.1264126432673725,0,290.0,3500.0,600.0,1895.0,1463.3333333333333,0.08285714285714285,20640.0,1.0125968992248062,0.1273242245971673,0.1190160430473193,0.008308181549847998,0.008308181549847998,-0.0009115813297947972,0.12306576811263416,19397.992009281297,1742.2011323504998,0.3907567072593,3,1
tataouine,2010,2000.0,20000.0,0.1,21.626068,539.0879,0.0125873145,78.686516,0.1160163263419813,0.1152915045209263,0.1144340517045124,0.1227779324863077,0,300.0,290.0,3500.0,295.0,1363.3333333333333,1.0344827586206897,20900.0,0.9569377990430622,0.1227779324863077,0.1144340517045124,0.008343880781795293,0.0008574528164139034,0.00748642796538139,0.11712995376343192,11658.3515833772,1701.679945699088,0.272214119314386,4,1
tataouine,2011,200.0,20000.0,0.01,20.221588,909.6853,0.016298637,90.17422,0.1319770954714176,0.135632650994541,0.120550562858852,0.1382206559271606,0,2000.0,300.0,290.0,1150.0,863.3333333333334,6.666666666666667,20000.0,1.0,0.1382206559271606,0.120550562858852,0.017670093068308593,0.015082088135688995,0.0025880049326195975,0.1315952413129928,18395.2813462564,1823.4659250613602,0.329584322375556,5,1
tataouine,2012,3400.0,21000.0,0.1619,20.93161,937.7815,0.018779647,90.964,0.1321634363898345,0.1626859195009791,0.1385549669742373,0.1436480311332321,0,200.0,2000.0,300.0,1100.0,833.3333333333334,0.1,20000.0,1.05,0.1626859195009791,0.1321634363898345,0.03052248311114461,0.0241309525267418,-0.019037888367747002,0.14426308849957076,19629.276623215,1904.0229720399998,0.39308824694167,6,1
tataouine,2013,8200.0,22350.0,0.3669,21.103455,623.68066,0.017143358,75.50665,0.1170921599978905,0.1200035330579485,0.1166922122943446,0.1242698720890631,0,3400.0,200.0,2000.0,1800.0,1866.6666666666667,17.0,21000.0,1.0642857142857143,0.1242698720890631,0.1166922122943446,0.0075776597947185,0.003311320763603909,0.004266339031114591,0.11951444435981168,13161.8167426803,1593.4511904757499,0.36178408410189,7,1
tataouine,2014,390.0,22350.0,0.0174,21.522125,813.2158,0.016917212,79.09663,0.1243993774740906,0.1487263096084794,0.1273849791263363,0.1375480843146792,0,8200.0,3400.0,200.0,5800.0,3933.3333333333335,2.411764705882353,22350.0,1.0,0.1487263096084794,0.1243993774740906,0.0243269321343888,0.021341330482143095,-0.01117822529380022,0.13451468763089636,17502.132099575,1702.32755793875,0.3640943513155,8,1
tataouine,2015,1850.0,24370.0,0.0759,20.619202,910.5351,0.018134305,88.90378,0.1444297361024409,0.1620521997811366,0.1360879329970311,0.1546238626455872,0,390.0,8200.0,3400.0,4295.0,3996.6666666666665,0.0475609756097561,22350.0,1.0903803131991052,0.1620521997811366,0.1360879329970311,0.025964266784105516,0.025964266784105516,-0.007428337135549412,0.14929843288154895,18774.507154990202,1833.12499838356,0.37391489792461,9,1
tataouine,2016,4240.0,23430.0,0.181,21.729706,658.43854,0.014111942,66.38909,0.1240185548455079,0.1298209650399497,0.1216976398394165,0.1558762867037064,0,1850.0,390.0,8200.0,1120.0,3480.0,4.743589743589744,24370.0,0.961427985227739,0.1558762867037064,0.1216976398394165,0.0341786468642899,0.008123325200533188,0.02605532166375671,0.13285336160714514,14307.67589326924,1442.61540730754,0.306648350749052,10,1
tataouine,2017,1150.0,22600.0,0.0509,20.370056,2192.6094,0.03649758,135.09613,0.1565537025277846,0.1345685206467931,0.1311692387039645,0.1615168086907132,0,4240.0,1850.0,390.0,3045.0,2160.0,2.291891891891892,23430.0,0.9645753307725139,0.1615168086907132,0.1311692387039645,0.0303475699867487,0.003399281942828597,0.026948288043920104,0.14595206764231383,44663.5762641264,2751.91573348328,0.7434577484644801,11,1
tataouine,2018,4020.0,22600.0,0.1779,21.380524,802.911,0.0202345,95.830574,0.1726964620170195,0.1932077959483583,0.150775885776549,0.2480260182344819,0,1150.0,4240.0,1850.0,2695.0,2413.3333333333335,0.27122641509433965,22600.0,1.0,0.2480260182344819,0.150775885776549,0.0972501324579329,0.042431910171809306,0.0548182222861236,0.19117654049410215,17166.657905363998,2048.907887340776,0.432624212878,12,1
tataouine,2019,4947.52,22600.0,0.2189,20.963318,942.7267,0.017094899,91.272446,0.163546311480549,0.163475651683788,0.1357966951471677,0.1922422779220347,0,4020.0,1150.0,4240.0,2585.0,3136.6666666666665,3.4956521739130433,22600.0,1.0,0.1922422779220347,0.1357966951471677,0.056445582774867,0.02767895653662031,0.02876662623824669,0.16376523405838483,19762.679599190604,1913.3733101358282,0.35836580391488204,13,1
tataouine,2020,4123.48,22600.0,0.1825,21.481567,592.41815,0.013780342,81.27348,0.1452824744622665,0.1478785238339716,0.1314799389097966,0.1845794862106546,0,4947.52,4020.0,1150.0,4483.76,3372.5066666666667,1.230726368159204,22600.0,1.0,0.1845794862106546,0.1314799389097966,0.053099547300858,0.016398584924175008,0.036700962376682994,0.1523051058541723,12726.070181241048,1745.88170594316,0.29602333995591396,14,1
tataouine,2021,4271.48,22600.0,0.189,22.124878,358.51236,0.010190908,53.894455,0.1324132941206596,0.148550586958945,0.1327949446325873,0.1645582854661145,0,4123.48,4947.52,4020.0,4535.5,4363.666666666667,0.8334438264019143,22600.0,1.0,0.1645582854661145,0.1324132941206596,0.0321449913454549,0.015755642326357705,0.016007698507169515,0.14457927779457658,7932.04222649208,1192.4082417514899,0.225472596209224,15,1
tataouine,2022,3780.87,22600.0,0.1673,21.745026,207.39131,0.0077182674,52.590626,0.1227852173141633,0.1214312927541147,0.1198797598468898,0.1280610321055711,0,4271.48,4123.48,4947.52,4197.48,4447.493333333333,1.0358920135419598,22600.0,1.0,0.1280610321055711,0.1198797598468898,0.008181272258681302,0.0015515329072249007,0.006629739351456401,0.12303932550518473,4509.72942812406,1143.584529726276,0.1678339252879524,16,1
tataouine,2023,3862.77,22600.0,0.1709,21.455536,514.3369,0.018734988,79.39718,0.1268222312373071,0.1381199449073442,0.1291855149805238,0.1285051739442641,0,3780.87,4271.48,4123.48,4026.1749999999997,4058.609999999999,0.8851428544673041,22600.0,1.0,0.1381199449073442,0.1268222312373071,0.011297713670037096,0.008934429926820392,-0.009614770963080083,0.1306582162673598,11035.3738740784,1703.50905378848,0.401969209493568,17,1
zaghouan,2007,25000.0,40540.0,0.6167,17.58905,697.4292,0.2311776,535.8307,0.3272764643114453,0.510189433046294,0.2486422575836908,0.4743275647209438,0,63300.0,39843.75,40687.5,37164.375,37833.333333333336,0.98647030651341,38850.0,1.0435006435006435,0.510189433046294,0.2486422575836908,0.26154717546260325,0.26154717546260325,-0.035861868325350266,0.39010892991559354,12267.117070260001,9424.752973835,4.06619436528,1,0
zaghouan,2008,55000.0,41060.0,1.3395,17.597504,496.04315,0.21835081,363.63693,0.2736378762455225,0.4093159489001224,0.2162327283542519,0.4486990861866033,0,25000.0,63300.0,40687.5,44150.0,37833.333333333336,0.3949447077409163,40540.0,1.0128268376911693,0.4486990861866033,0.2162327283542519,0.23246635783235142,0.19308322054587052,0.03938313728648091,0.33697140992162505,8729.1213162976,6399.10233022272,3.84242925237824,2,1
zaghouan,2009,13900.0,41780.0,0.3327,17.500946,810.84906,0.24075317,585.5652,0.3175200824973548,0.4983359888130518,0.2497933917939085,0.3635345380034359,0,55000.0,25000.0,63300.0,40000.0,47766.666666666664,2.2,41060.0,1.017535314174379,0.4983359888130518,0.2497933917939085,0.2485425970191433,0.2485425970191433,-0.13480145080961592,0.35729600027693775,14190.62561321076,10247.944944679199,4.213408227498819,3,0
zaghouan,2010,42000.0,42700.0,0.9836,17.73053,616.7203,0.2213406,483.32913,0.2988750246341431,0.3802767472910697,0.2254483306583845,0.394586974049704,0,13900.0,55000.0,25000.0,34450.0,31300.0,0.25272727272727274,41780.0,1.0220201053135471,0.394586974049704,0.2254483306583845,0.1691386433913195,0.1548284166326852,0.014310226758634303,0.32479676915832534,10934.777780759001,8569.681639338902,3.9244861485180005,4,1
zaghouan,2011,16000.0,42700.0,0.3747,17.52304,827.45825,0.2365146,524.3626,0.2854609642918665,0.4535866271545212,0.2521898193453202,0.4868493248883207,0,42000.0,13900.0,55000.0,27950.0,36966.666666666664,3.0215827338129495,42700.0,1.0,0.4868493248883207,0.2521898193453202,0.23465950554300052,0.201396807809201,0.03326269773379953,0.36952168392000717,14499.584013080002,9188.426814304,4.144454796384,5,0
zaghouan,2012,57400.0,45000.0,1.2756,18.082794,616.39813,0.229491,431.01028,0.3350886451219914,0.5176081643910327,0.2623334572591932,0.5117360697046143,0,16000.0,42000.0,13900.0,29000.0,23966.666666666668,0.38095238095238093,42700.0,1.053864168618267,0.5176081643910327,0.2623334572591932,0.25527470713183953,0.25527470713183953,-0.005872094686418472,0.40669158411920786,11146.20040677522,7793.870105122321,4.149838477854,6,1
zaghouan,2013,43200.0,47150.0,0.9162,17.795837,495.9398,0.20295274,504.5794,0.2750691793145616,0.4022069366329764,0.2317603918021976,0.4299715497225738,0,57400.0,16000.0,42000.0,36700.0,38466.666666666664,3.5875,45000.0,1.0477777777777777,0.4299715497225738,0.2317603918021976,0.1982111579203762,0.1704465448307788,0.02776461308959738,0.33475201436807733,8825.6638426126,8979.4127559578,3.6117138797433794,7,0
zaghouan,2014,31000.0,48380.0,0.6408,18.2677,615.4993,0.21737538,452.79184,0.2671562906038937,0.5125751642813017,0.2479939078002835,0.4401882408529213,0,43200.0,57400.0,16000.0,50300.0,38866.666666666664,0.7526132404181185,47150.0,1.0260869565217392,0.5125751642813017,0.2479939078002835,0.26458125648101816,0.26458125648101816,-0.07238692342838038,0.3669784008846,11243.75656261,8271.465495568,3.9709482292260003,8,0
zaghouan,2015,43500.0,50530.0,0.8609,18.11972,499.8347,0.20787786,390.30988,0.2908155485763061,0.4555962105612903,0.2425460840203378,0.4214006729973154,0,31000.0,43200.0,57400.0,37100.0,43866.666666666664,0.7175925925925926,48380.0,1.0444398511781727,0.4555962105612903,0.2425460840203378,0.21305012654095248,0.21305012654095248,-0.03419553756397492,0.3525896290388124,9056.864810284,7072.305738833601,3.7666886173992,9,0
zaghouan,2016,39000.0,51930.0,0.751,18.398254,657.53644,0.21929663,452.389,0.3115592231845774,0.3510060650543367,0.2124720662949888,0.4708855535092432,0,43500.0,31000.0,43200.0,37250.0,39233.333333333336,1.403225806451613,50530.0,1.0277063130813378,0.4708855535092432,0.2124720662949888,0.2584134872142544,0.13853399875934788,0.11987948845490654,0.3364807270107865,12097.522437375761,8323.167728806,4.03467510008402,10,0
zaghouan,2017,13270.0,53750.0,0.2469,18.03183,395.59216,0.20314263,280.46497,0.2741285361117163,0.4599061701617688,0.2318697873711251,0.5132137836984668,0,39000.0,43500.0,31000.0,41250.0,37833.333333333336,0.896551724137931,51930.0,1.0350471788946658,0.5132137836984668,0.2318697873711251,0.28134399632734175,0.22803638279064373,0.053307613536697995,0.3697795693357693,7133.250578452799,5057.2966599951,3.6630333699129,11,0
zaghouan,2018,37800.0,53750.0,0.7033,18.208313,646.9588,0.2177638,499.88837,0.3426598644660655,0.3448423685577432,0.2238984497847218,0.4397969931590934,0,13270.0,39000.0,43500.0,26135.0,31923.333333333332,0.34025641025641024,53750.0,1.0,0.4397969931590934,0.2238984497847218,0.2158985433743716,0.12094391877302141,0.09495462460135018,0.33779941899190596,11780.0283285044,9102.12390601981,3.9651114304694004,12,1
zaghouan,2019,40687.5,53750.0,0.757,17.97528,787.08026,0.23094867,523.0551,0.3504774011683587,0.4571483756696372,0.2523746179614241,0.4861753100107246,0,37800.0,13270.0,39000.0,25535.0,30023.333333333332,2.8485305199698567,53750.0,1.0,0.4861753100107246,0.2523746179614241,0.23380069204930054,0.2047737577082131,0.02902693434108744,0.38654392620253614,14147.9880559728,9402.061877928001,4.1513670088776005,13,0
zaghouan,2020,50167.5,53750.0,0.9333,18.320618,546.54694,0.2095981,438.69086,0.2935400271720626,0.4389547210005255,0.2444516241290913,0.4757153703715165,0,40687.5,37800.0,13270.0,39243.75,30585.833333333332,1.0763888888888888,53750.0,1.0,0.4757153703715165,0.2444516241290913,0.2312637462424252,0.19450309687143422,0.036760649370990994,0.36316543566829895,10013.07770680892,8037.087666151479,3.8399667236258,14,0
zaghouan,2021,24290.0,53750.0,0.4519,18.74823,472.40408,0.20160161,283.91742,0.263154968196012,0.4467593466997131,0.2328856802786962,0.4914025776732442,0,50167.5,40687.5,37800.0,45427.5,42885.0,1.232995391705069,53750.0,1.0,0.4914025776732442,0.2328856802786962,0.258516897394548,0.21387366642101693,0.04464323097353107,0.3585506432119164,8856.7403447784,5322.9490911666,3.7796733526502995,15,0
zaghouan,2022,30500.0,53750.0,0.5674,19.182983,316.18918,0.18677726,299.9034,0.2428423436639014,0.4219369745378292,0.2285118493248499,0.4110062134758409,0,24290.0,50167.5,40687.5,37228.75,38381.666666666664,0.4841780036876464,53750.0,1.0,0.4219369745378292,0.2285118493248499,0.19342512521297928,0.19342512521297928,-0.010930761061988314,0.3260743452506053,6065.451664723941,5753.0418238422,3.58294500336658,16,1
zaghouan,2023,26140.0,53750.0,0.4863,19.113678,259.3239,0.18783312,347.22598,0.2119065484604862,0.2524742385618602,0.2242086909410111,0.2889426876023729,0,30500.0,24290.0,50167.5,27395.0,34985.833333333336,1.2556607657472212,53750.0,1.0,0.2889426876023729,0.2119065484604862,0.0770361391418867,0.028265547620849096,0.03646844904051272,0.2443830413914326,4956.6335223042,6636.76557495444,3.59018177341536,17,0
